word,count
新聞,144
雲林,36
重大,48
傷病者,24
就醫,56
發放,52
免費,119
口罩,4850
活動,205
延長,32
至日,24
看板,128
批踢踢實業坊,650
批,161
踢踢,161
〔,16
記者,48
詹士弘,12
／,40
報導,36
〕,16
雲林縣,28
政府,988
日起,36
進行,12
為期,12
週,16
「,153
傷病,24
無,47
免,12
煩惱,21
」,145
短短,12
天,89
吸引,15
請領,12
人數,29
高達,12
人,1297
販售,75
實名制,232
於,20
月,131
日,116
上路,40
民眾,156
憑,20
健保,44
看,958
板,577
關於,161
我們,339
聯絡,161
資訊,237
返回,161
作者,161
標題新聞,12
時間,346
健保卡,44
至,51
特約,40
藥局,281
購買,277
偏鄉,4
地區,8
為,427
免民眾,4
新制,8
過度,8
期,4
仍,21
買不到,507
縣長,8
張麗善,4
決定,31
將,24
符合,39
資格,4
而,79
上班時間,4
可至,4
近,8
衛生所,8
索取,46
衛生局,8
表示,119
近日,4
信箱,7
及,35
粉絲,8
專業,32
持續,16
接獲,4
反映,8
需求,108
所以,306
凡,4
領有,8
證明,57
欲,4
病患,12
及其,4
陪同,4
者,28
或是,72
目前,105
體溫,4
超過,61
度,17
的,8392
每人,80
提供,84
片,268
衛生局長,4
曾春美,4
有,2636
許多,12
保有,7
戴,847
保庇,4
心理,12
希望,49
大家,418
能,359
發起,8
禮讓,4
運動,20
不要,626
搶購,85
或,174
囤積,72
健康,107
不,1464
需,60
一律,24
呼籲,12
把,158
讓給,20
需要,546
優先購買,4
※,456
發信站,167
來自,156
臺灣,171
文章,141
網址,158
推,6263
這種,222
本來,168
就,2259
該,65
從,125
醫院,162
發了,4
→,10074
讓,212
一堆,474
可能,193
感染,48
肺炎,76
到處,32
找,149
傳染給,4
別人,90
根本,231
有病,20
推樓,41
說,914
道理,16
這樣,306
多,745
嗎,1274
推修蛋,4
幾勒,4
彰化,16
版,116
推推,681
樓,68
情報,274
六,40
捐血,244
送,212
台,193
中,91
新光,48
三越,48
日期,42
：,201
年月日,12
（,264
）,225
地點,19
臺中市,12
捐血車,12
惠來,12
路,48
市政,12
北七,16
路口,12
後方,12
惠安,12
停車場,12
內,82
追夢,4
標題,182
主辦單位,4
福安,4
同濟,4
會,877
贈品,71
贈,8
份片,8
歡迎,12
定期,11
維持,12
血液,8
庫存量,16
平衡,8
加入,8
愛,28
官方,36
帳號,32
可以,963
收到,91
通知,15
中彰,4
投,16
雲,8
假日,19
請,129
攜帶,7
具有,4
身分證,16
字號,220
照片,24
之,24
證件,8
後,229
附有,4
血袋,4
號碼,4
良心,12
回電,4
單到,4
兌換,8
幣,12
這,376
篇文章,4
你,1285
覺得,434
＋,8
￣,24
▽,4
＠,14
〒,8
△,4
ψ,4
︶,4
－,8
皿,16
新奇,4
溫馨,4
誇張,26
難過,4
實用,23
高興,4
無聊,16
生氣,22
編輯,144
現在,782
價值,48
較,46
高,78
一袋,29
血,39
只值,4
塊,109
不是,774
是,3280
管,43
制品,4
有錢人,4
世界,39
真讓人,4
無法,77
相像,4
請問,228
樓上,250
不然,176
血要,4
多少,124
噓,779
這血,4
還真,16
廉價,8
基金會,4
賣給,16
賺,88
很大,29
應該,320
是非,20
醫療,952
吧,651
平常,245
都,2256
電影票,28
什麼,553
意思,24
市價,12
一個,478
元,904
含運,11
昨天,90
只,212
剩,23
一組,12
還沒直,4
寄,29
台灣,294
正常,120
價推,4
最好,62
好市,187
還買,16
得到,149
啦,459
我,2087
導遊,4
客人,16
她,27
最近,104
在,1651
韓國,20
買,2628
已經,180
一片,372
台幣,20
了,3194
的話,129
再貴,4
也,1718
沒用,81
之前,321
拿到,20
電風扇,8
居然,24
比,245
搶手,12
就是,616
如果,312
做,294
上述,8
牙科,4
治療,8
隔天,16
才能,75
捐,96
認同,20
用,1034
綁,15
作法,8
因為,163
當,20
贈送,25
自己,301
習慣,30
剛好,72
是剛,4
但,578
未,47
發病,4
呢,121
噓紅,15
明顯,51
香港,28
紅十字會,4
疫區,8
旅遊,4
史,4
暫緩,4
誘因,20
蠻大,4
確診,4
康復,4
要,1276
等,240
快速,8
查,62
一下,248
謝謝,202
提醒,32
原來,81
洗牙要,4
停天,4
推還,56
爆,66
排隊,172
販賣,23
許可,100
執照,8
更,177
不用說,12
叫,138
才,558
主體,4
好,1135
拿,272
過米,4
同意,16
台北,53
有沒有,137
本意,8
很,835
就算,80
沒,1101
東西,125
沒差,37
這時,12
間點,8
感覺,124
沒什麼,26
不妥,4
啊,992
不過,159
一月,4
捐過,8
還有,319
兩盒,49
哪是,4
民生,4
用品,22
不爽,40
有人,412
拿槍,4
押,4
著,84
去,925
賣,521
推是,33
賣血送,4
這有,10
評論,4
想,280
鼓勵,16
不好,40
這個,275
改成,16
貪小便宜,16
版賣,4
等價,4
東,4
西才行,4
兩次,18
丸,4
龜,4
製,289
麵,22
烏龍,4
券,15
身體,12
跟,781
善事,4
不用,348
還是,455
很值,4
阿,215
成本,66
省,78
很多,333
真的,637
感,10
ㄏ,68
只有,212
記事本,4
頗,4
呵,12
得,134
太廉,4
價了,4
幫助,28
人才,20
誰,204
值,4
幾塊,7
選擇,23
領,27
否認,4
當做,4
一種,23
救人一命,4
還高,4
阿噓,8
那邊,99
計較,24
毛病,4
推好,69
喔,397
這版,12
時候,141
不像,4
版噓,4
賣血,4
衡量,12
禮物,8
真,110
丟臉,4
衝啊噓,4
獵,4
巫獵,4
起來,117
又,421
交換,4
推高雄,12
給,165
一盒,252
個,243
離題,4
非常感謝,4
各位,21
被,395
救過,4
銘感五內,4
～,200
到,922
在乎,12
對應,4
值不值得,4
划不划,4
算,62
有點累,4
救人,4
利益,8
不太對,4
醫用,310
唷,62
推想,26
捐會,4
物品,4
行動,11
不行,65
附加,4
主辦,4
給的,4
吵鬧,4
來,203
窮,40
不在乎,4
我要,12
一樣,282
無誤,8
推送,8
好多,43
推等,4
錢,63
再,422
推會,22
不夠,239
熱血,4
有錢,24
勒,24
多送,4
以物,4
易物,4
本身,15
體質,8
看到,406
熱心,7
她們,16
頭上,8
天使,4
光環,4
本義,4
救命,4
本末倒置,4
逆,16
大多數,12
每次,28
時,111
總是,12
大,161
排長龍,4
反正,76
最後,53
的確,30
是熱,4
批評,16
冷血,4
知道,448
省錢,301
什,8
佔,8
廠商,157
便宜,627
原子筆,4
書籤,4
資料夾,4
其他,189
通常,23
各個單位,4
前兩天,4
酒精,108
不管,52
至少,128
願意,28
好事,53
次,8
不會,388
而決,4
定,12
要是,12
捐完,4
發現,59
還蠻,15
開,23
心,19
不求,4
回,32
報,20
結果,111
哪,101
一方,8
對方,4
奇怪,44
影響,8
推有,138
果汁,4
增加,40
大眾,8
現實,4
一點,105
沒關,4
係,8
必要,72
像,71
獵巫,4
逼,31
聖人,4
觀點,4
怎麼,345
不去,12
檢討,36
中心,11
變成,41
還好,135
贊助,8
呀,86
沒有,536
人出,4
來說,50
嘴,52
無能,8
人民,36
所,18
只能,133
加減,4
他,248
這麼,197
屯,44
老子,8
爽,16
捐血人,4
看得,4
太,114
賺幣,4
禮券,4
最,154
採購,55
地圖,40
允許,16
定位,12
出現,97
家中,16
附近,116
位置,20
預計,21
每,52
半小時,12
更新,24
一次,234
鄉民,91
點擊,4
▲,12
查詢,36
庫存,75
數量,80
相關,35
綠色,28
灰色,45
尚未,4
到貨,84
點,52
金錢,4
前先,4
白跑一趟,4
愈,8
快,122
資料,22
成功,11
關鍵,7
旁邊,24
開始,198
號碼牌,72
排,104
超長,8
出門,95
人擠,4
風險,40
更高,4
顯示,31
排推,8
囤,171
留給,164
這邊,102
分批,4
部分,36
下午,32
點發,4
早上,67
手上,23
存貨,24
先,91
擠,8
首日,8
阿推,16
分享,175
辛苦,55
背後,8
程式,12
人員,72
三天,35
出來,228
簡單,35
那些,164
囤貨,459
仔,68
推一人,12
一週,59
兩個,106
怎,12
正常人,8
沒事,36
九點,8
太閒,8
上班,111
辦法,88
雖然,112
沒想,4
領還,4
開學,24
產能,132
不足,28
已有,4
少,44
會領,4
不到,135
無論,4
一直,220
停留,4
在點,4
之亂,15
只是,166
延後,12
爆發,32
除非,31
敢,56
宣布,16
國,23
中小,8
高中,8
職,4
生病,33
咳嗽,28
之外,8
禮拜,73
一,234
炸鍋,8
每個,88
順便,12
比較,511
麻煩,35
病,40
防,98
他們,185
只好,12
自保,4
周遭,7
好幾個,28
玩,8
沒戴,39
打噴嚏,15
豪邁,4
就連,8
小鬼,4
電梯,8
盡情,4
咳,12
家長,4
羔子,4
擦屁股,4
有點,31
卡是,4
推超卡,4
推疾,8
管署,4
疾,8
管家,12
首,4
兩日,4
一定,200
最多人,4
下週,8
四五,4
這批,4
愛搶頭,4
香,7
搶,259
不如,38
週一,15
週四,12
超級,11
卡,15
可用,23
但是,109
還在,107
停在點,4
不準,32
店,35
發牌,4
留卡,4
取件,4
還在慢,4
登錄,12
加,34
機器人,8
天後讓,4
第一批,8
單雙號,4
完,86
歐,8
還要,88
講,52
醉,8
一年,27
一包,46
算錯,4
兩包,4
我家,107
一早,8
沒亮,4
老人,40
停,8
但才剛,4
離開,4
確定,75
售完,40
仔推點,4
發,80
推買,70
笑,115
推笑,31
死,148
看不懂,36
人家,92
仔並,4
仔買,4
趕快,27
滾,8
買藥,4
兩片,91
那麼,139
久,26
會排,4
而已,99
樹林,28
這裡,48
好幾家,24
憑牌,4
幾乎,37
建議,84
打電話,31
家,61
早先,4
任意,4
時段,4
去領,24
黃色,4
已,126
蠻,64
畢竟,34
跑遍,8
心累,4
自訂,11
參考,36
沒錯,28
可憐,68
越來越,41
亂,43
欸,85
貼,58
可是,47
網頁,32
上,213
綠燈,4
推先,7
下班,24
看看,129
準,8
上班族,44
幾天,109
機會,27
是採,4
領取,28
牌子,51
賣完,86
同,40
想買個,4
小朋友,26
有貨,11
發完,27
晚上,31
領要,4
跑,105
兩趟,4
轉錄,12
領到,13
就要,64
排民眾,4
營業時間,4
過來,4
領就,4
系統,35
貨,44
實際上,16
其實,109
名額,8
然後,128
噓超,4
看不到,10
話,44
不看,8
這些,86
來源,12
屁用,8
直接,115
問,53
最快,12
電話,29
有空,12
接,7
某,57
大約,7
嗯,11
檢舉,60
方式,40
對,276
慢慢,16
族,56
推領,8
還,274
限定,16
推台,12
中水,4
湳,4
市場,48
打,81
間,20
大人,7
充足,20
感謝,126
糖,4
準確,12
問推,8
綠,32
有的是,4
有領,4
預訂,4
走,93
不見得,8
寫有,8
實際,12
訂,18
老闆,46
預約,8
告訴,15
缺口,16
罩,64
變,17
紅色,8
到底,149
懂發,4
概念,22
別費,4
口舌,4
嗚嗚,8
產量,88
原因,16
三,24
小,71
人潮,16
真棒,4
政策,128
過,84
年時,4
超商,384
過個,14
通通,16
了連,4
九塊,4
搶光,24
光,8
上面,84
打錯,8
全台,23
不出,8
七個,4
生產,27
多用,11
點腦,4
想想,20
只會出,4
張嘴,20
恐慌,68
推開,4
還沒到,11
早,30
發光,4
消耗掉,4
閒人,8
不錯,131
下,86
周二,4
是不是,124
一周,11
哪連,4
這也要,4
護航,56
公平,12
找人代排,4
店家,39
留號,4
插號,4
堆,4
過號,4
問題,266
亂來,4
本人,16
且,20
先來,4
先買,16
相信,88
黨,44
推點,8
班點,8
從來沒,4
排到,12
國外,39
光南,74
發送,16
佛心,37
好消息,12
回饋,58
鄉親,12
與,85
您,24
一同,12
防疫,212
全,68
萬片,64
防護,56
限領片,12
為止,38
光南大,16
批發,35
連鎖店,20
流行,40
生活館,28
要說,24
日五起,4
第二批,4
日六起,4
連鎖,20
門市,31
店門口,4
同步,13
基隆市,4
仁愛,7
區忠,4
一路,8
號,208
台北市,8
中正,8
區,36
許昌,4
街號,4
羅斯福,4
四段,4
號新北市,8
三重,4
重新,8
二段,12
永和,19
號樓,4
桃園市,12
桃園,11
一段,16
中壢,16
中山路,12
中正路,20
號光南,8
新竹市,8
東區,16
民族,4
路號,8
台中市,20
北區,4
三民路,4
三段,4
西屯區,4
福星,4
豐原,8
彰化縣,8
彰化市,10
員林市,4
斗六市,4
民生路,4
嘉義市,4
西區,4
台南市,4
北門,4
高雄市,16
岡,4
山區,4
溪,8
東路,8
新興區,4
文橫,4
苓,4
雅區,8
三多,4
三路,4
號高雄,4
夢,7
時代,4
藍鯨,4
館,4
前,113
鎮區,4
中華,15
五路,4
屏東縣,8
屏東市,4
永福路,4
潮州,4
鎮,4
新生路,4
宜蘭縣,4
宜蘭市,4
舊城,4
花蓮縣,4
花蓮市,4
號台,4
東縣,4
東市,4
中華路,4
過濾,104
病毒,116
功能,43
一般,371
推不領,8
純,12
猜,4
這牌,45
災難,20
宣傳,24
財噓,4
真是,54
夠了,7
好心,60
送送,4
生活,20
膩推,4
人別,4
染病,4
幾個,69
何解,4
酸民,12
永遠,12
不缺,16
與其,8
風還,4
送給,4
單位,36
或團,4
體推,4
感冒,22
推為,38
還說,12
字,60
捐給,20
實在,24
推沒說,4
事情,28
心安,34
路邊攤,4
合格,52
五十萬,4
推噓,24
回家,52
流,8
鼻水,4
甘有,4
暗黑,4
那,362
同一,8
推真,4
推純,44
一樓,28
回應,11
無言,8
怎樣,80
不能,205
某人,16
過敏,47
騎車,150
擋個,4
廢氣,14
應有,4
夠衰,4
帶,200
級,84
中獎,8
免費送,4
靠北,48
靠木,4
真正,44
老人家,12
今天,284
中國,263
醫好,4
戴布,12
幫幫忙,4
更好,32
謝,7
愛心,8
推回,15
兩間,12
一間,36
能夠,11
飛沫,52
夠用,72
會發,12
老,12
墊腳石,4
斜對面,4
推爆,11
一波,20
好心人,7
公司,144
書局,8
連,67
淚,4
幹嘛,102
首購,4
各,34
通路,83
優先,23
釋出,44
做好,8
企業,8
補足,4
可,215
不敢,75
重複使用,31
台大,4
副,4
院長,20
這下,8
標的,8
好奇,35
很缺,4
醫護人員,44
出入,20
而且,180
環境,30
更換,28
價格,301
推光南,27
生活用品,4
普通,38
私人,4
舖,4
意外,31
外層,16
有防,16
潑水,8
擋得住,7
就行了,4
不了,34
全捐,4
進,20
多貨,4
量,43
推數,4
地址,20
新聞報導,8
卻是,4
推非,12
管制,28
非,59
製造,131
工廠,172
被民眾,4
家族企業,4
這次,71
柔蝶,4
病情,4
倉庫,4
或貨,4
櫃裡,4
不算,28
屯貨,16
超,89
夠低,4
加價,24
乾脆,44
公關,8
超強,4
財啊,4
有心,8
莫非,4
事實,20
作用,11
誤導,120
用到,30
接觸,63
高風險,48
人群,8
時用,4
留在,4
院所,8
密閉,20
空間,20
容易,164
傳染,20
地方,87
再說,12
推佛,12
方法,43
內層,4
非常,89
時期,92
誤傳,4
錯誤,15
用法,4
兩層,16
一層,42
差,102
反而,56
反,16
效果,154
捷運,38
哪來,8
沒效,8
戴法,8
衛服,4
官員,28
過的,8
ﴮ,4
ﴩ,4
搞笑,8
推拿,11
市面上,18
笑死人,32
¯,8
∞,4
護理人員,16
限制,80
若,32
染污,4
雖,8
地獄,4
囉,79
可安,4
外人,4
算是,22
用途,15
推大,21
不下,4
資源,20
低成本,4
廣告,18
生死有命,4
身為,4
窮人,12
不怕,8
恩,4
不想,45
老遊,4
之死,4
可怕,44
怕,59
半生,4
不死,4
武肺,4
致死率,4
低,16
人去,4
排得,4
流感,20
機率,16
這是,105
看清,4
楚好,4
記得,64
德政,56
歐推,4
不捐,4
內文,32
腦殘,4
發作,4
何能,4
酸的點,4
拋磚引玉,4
其它,21
也釋,4
出,91
明明,23
美事,4
一樁,4
聚集,4
前進,4
備貨,4
團體,4
機構,4
像是,20
貨備,4
會缺,4
嚴重,28
酸,16
政黑,8
上身,8
認證,36
估計,12
排爆,4
叫貨,4
肯定,32
叫超,4
大量,54
份,20
萬,72
元萬光,4
南捐,4
多錢,4
狗,10
吃,19
留言,56
沒救,4
撥,7
光南計,4
畫通,8
各大,4
電視網,4
媒體,12
報成,4
明天,28
大概,63
凌晨,11
放棄,11
有閒,4
反觀,12
慈濟,4
正確,31
高峰期,8
別排,4
這款,119
隔絕,14
排起來,4
別,57
嫌,92
請留,8
四樓,4
嘴真,4
臭,8
噁心,12
發給,4
輪不到,4
你們,82
插嘴,4
所屬,4
萬個,20
燒掉,4
不甘,4
事,35
推如造,4
人比住,4
武漢,28
卻,46
分配,40
之後,69
這群會,4
留,11
給比,4
值得,12
活,8
在世界上,4
推給,8
拜託,104
仔去,8
有事嗎,15
防塵,48
連發,4
攻擊,8
噓噓,8
某樓,47
辦公室,4
有間,4
完全,77
動力,4
經,4
濟,4
效益,7
要花,4
給更,12
熱門,4
文,31
推文,75
漢堡,4
吵過,4
推看,43
這串,4
顯然,4
達到,7
解釋,40
過了,24
物流,120
關係,41
進來,11
碰到,32
給民眾,8
還得,4
罵,108
更麻,4
煩,19
哪裡,115
重度,4
被害,4
妄想,4
症,4
推不取,4
沒酸光南,4
自以,8
正直,4
能快,4
正義,4
魔人,12
看起來,38
說明,15
本分,4
擔心,52
給的口,4
散裝,112
看得出來,12
純紅,4
醫生,39
外面,34
裡面,45
換洗,7
布,34
厲害,38
起,64
限購,156
中央社,12
顧荃,12
日電,12
武漢肺炎,84
疫情,180
造成,38
行政院長,16
蘇貞昌,20
拍板,16
將採,16
使用,136
全國,52
多家,20
天內,12
降價,80
為元,12
因應,28
新型,20
冠狀病毒,16
引發,16
荒,12
月底,16
全數,12
徵購,36
國內,28
每日,53
陳,4
菊,4
濕汗,4
每片,53
難求,4
行政院,12
召開,4
會議,8
討論,122
措施,24
比照,12
慢性病,16
處方,4
簽民眾,4
需到,4
插卡,4
整合,4
明後兩,4
天將,8
暫停,11
晚間,8
時起,4
便利商店,43
藥妝店,4
原本,107
不再,4
上架,20
片且,8
新,59
；,28
確保,16
一人,20
一份,8
重複,48
若需,4
幫,61
家人,50
朋友,42
僅能,4
多持,4
一張,12
代購,8
防止,20
多張,4
健保卡充,4
人頭,4
每家,8
鋪貨,4
成人,16
兒童,61
分流,4
尾數,8
單數,8
週三,4
週五,4
雙數,4
週二,4
週六,4
週日,8
則皆可,4
配送,12
將由,4
郵政,8
接手,4
送到,35
各家,8
將讓,4
存量,24
公開,4
透明,16
已委由,4
政務委員,4
唐鳳,4
架設,4
現況,8
回報,20
工程師,4
團隊,16
聯繫,4
合作開發,4
未來,20
哪個,32
只要,135
上網,34
一清二楚,4
不賣,12
指出,8
實施,8
銷售,15
清楚,85
數據,16
降溫,4
期間,40
隨時,15
調整,34
另外,47
有個,10
偏遠,4
鄉鎮,4
將請,8
縣市政府,4
所轄,4
協助,8
行動不便,4
獨居,4
長者,4
身心,4
障礙者,4
指揮中心,16
協調,40
弱勢,4
族群,8
藥師,12
公會,12
藥劑,4
生,20
樂意,4
蘇龍,4
麒,4
推天,12
那要,4
住院病人,4
家屬,4
怎麼辦,16
意見,56
回歸,52
市場機制,64
漲到,8
炸貴,4
囧,18
一天,189
滿足,8
撐,28
拉到,4
不少,39
漲價,98
有效,41
惡意,8
試試,27
早該,8
慢,4
好幾,12
拍,31
產生,7
民怨,4
不食,4
人間煙火,4
通勤,54
現行,4
情況,48
供,16
應用,8
該漲,4
調,11
成,28
澳門,12
早就,90
想到,20
用大,4
兩天,19
說不定,7
改了當,4
連續劇,8
接下來,8
演吧,4
當初,44
足夠,16
好不容易,12
小時,53
天買,4
四片,4
爛掉,7
天片,20
鬼,24
還分,11
星期,16
幾推,4
質疑,12
哈,20
嘍噓,4
點去,8
標,8
黃字,4
開門,12
時去,8
一面,4
再換,8
另一面,4
誤,4
終於,31
三個,47
戴到,7
每週,4
片才,4
合理,43
總比,40
空氣流通,4
處,4
越想,4
賺錢,40
國家,116
淪陷,8
速度,7
越,8
三片,64
七天,88
差太多,4
徵調,8
只會,64
特定,12
人士,12
掃光,20
高價,36
樣,12
好噓,12
沒健,8
保卡,20
推片,12
天看,4
提升,7
共體,36
時艱,48
最少,8
七片,16
再度,4
高層,4
說夠,4
難怪,28
自產,4
每天,164
太多人,4
捐想,4
覺青,4
護,16
不得不,8
放寒假,4
不得好死,8
四百萬,12
片喊,4
哪裏,14
街頭,4
困惑,4
開放,28
二片,8
全球,20
剛剛,96
記者會,4
講了,8
即使,8
萬人能,4
文圖,4
剩萬人,4
繼續,63
絕對,29
非必要,12
要不是,8
白癡,24
吵,44
何必,12
改一,4
改不改,4
直播,4
回答,39
各種,16
先看,4
再來,23
抱怨,31
比起,29
一天天,4
有用,54
想想看,4
心情,4
說會視,4
利用,15
實名,60
解決,24
垃圾,87
仔掃,8
貨仔,4
報應,4
祝,4
塞車,4
不動,4
時肚,4
子痛,4
靠,52
支持,114
限量,68
原料,14
拉,41
以,106
週來,4
日算,4
貨輪,4
那天,29
沒買,16
隔,15
倒楣,4
甚至,20
多天,7
更多人,4
最大,15
還沒開,4
刷,12
連線,4
避免,62
撲空,8
戶外,12
不需,12
時時,8
聽,28
介接,4
民間,4
個資,4
推共體,12
這時候,8
互相,4
體諒,8
少去,4
人多,16
地,15
方,13
解決問題,8
特殊,15
一起,54
配合,48
前天,12
蔣才,4
提出,28
沒想到,47
婆媽,16
會想,4
預備,4
多個,16
怎辦,16
宣導,44
出口,64
買太多,8
戴好,12
搶口,4
使,7
用來,4
頭,4
有點痛,4
吵起來,8
推一,8
這招,4
跟本,4
考慮,46
些,19
是否,68
確實,34
執行,4
代表,40
缺貨,59
多一點,8
人買,24
少片點,4
這也,8
能算,4
省命,4
重要,40
降一快,4
換成,8
下台,8
幹,16
這才,4
真實,4
應,12
能力,20
有些,97
不戴,8
討厭,12
文為,4
扯,63
政治,107
保證,28
足,7
戴天,4
患者,16
年前,8
回來,38
分,52
噓點,4
拿命,4
賭,20
邏輯,40
就克,4
難點,8
主,4
以先,4
一線,16
無敵,4
先克,4
沒人,56
夠,16
光頭,12
圖,81
確認,32
掌握,8
花,27
抓,12
讓民眾,8
運氣,4
幾片,20
講的,16
好像,190
我國,20
實產,4
實銷,4
投票,8
韓,12
大勝,4
蛤,8
哪有,4
全部,52
買光,12
實報,4
實消,4
比長,4
呵呵,44
兩年,8
發財,12
忙,12
罷韓,4
搞不好,16
待,12
大媽,20
們,46
醫藥,16
櫃裡勒,4
推扯,8
好笑,38
以前,74
就別,16
領了給,4
有限,7
可領,4
片數,4
啥,75
柴犬仔,4
加班,32
頂得住,4
好不好,16
放在,12
家會生,4
利息,4
八卦,34
爬,16
文看,4
多久,36
公視,4
有位,8
通風處,4
曬然,4
輪流,8
等到,20
上升,16
公車,8
完噴,4
噴,51
液體,4
幕僚,16
想不到,11
讚,57
制,8
納入,4
最初,4
之一,7
超商片,4
不限,4
次數,4
不審,4
身分,4
夠是,8
前提,8
炒作,12
導致,12
急需,8
推阿,4
馬上,19
買來,27
抗抗,4
進口,40
真當,4
兩千多萬,4
高竿,4
技術,4
言問,4
認真,32
預見,8
國人,44
第一天,15
貨量,4
驚慌,4
我還,28
信,8
來不及,11
推當,8
改,36
偉大,8
供貨,36
無虞,4
一開,4
那樣,36
須要,4
人愛,4
自私,16
一部,4
掃貨,60
能帶,8
買到,58
一些,84
萬是,4
用拉噓,4
掛,16
針對,21
疫,8
情會,4
出國,4
話說回來,4
傻眼,27
要炮,4
炮,4
車後,4
家家,4
很夠,12
高能,4
回到,4
先知,12
論述,4
菁英,4
預,8
見會,4
去問,8
給你,12
答案,4
核心,4
一句,8
校園,4
兩週,8
延緩,4
和,172
荒推,4
寄出去,12
沒收,36
特別,71
當然,112
堵,4
圖片,18
中肯,4
做到,16
流汗,4
嫌到,4
流涎,4
談,4
ㄇ,20
共識,4
嗆,39
亂說,4
板耶,4
那位,12
憨粉,4
說話,8
指名,4
扣,8
帽子,4
這我,4
可不,4
不同,36
抹,12
韓粉,64
火氣,4
電動,4
阿君,4
未見,4
對號入座,4
推沒健,4
叫囂,4
凶,4
哇,24
不管怎麼,4
想個,8
完美,8
不盡,4
所有人,4
滿意,18
盡力,4
奏效,4
若有,4
方案,12
謾罵,8
無助於,4
守護,8
家園,4
假裝,4
黑,26
加強,7
衛教,8
人帶,4
即,17
浪費資源,4
推健,4
出生,4
申請,24
遺失,4
補發,4
自,23
嗨,8
提,22
版早,4
提了,4
周全,4
改進,4
嫌炮,4
澆冷水,4
卦,8
推台灣,43
兩千,4
三百萬,4
包裹,4
那種,107
講白,4
無限,8
包容,4
反應,30
太慢,4
車輪,4
黨執政,8
說不說,4
就問,8
不合理,8
注意,46
帶刷,4
重罰,4
等於,49
贊同,4
怎麼樣,22
某些,36
貨源,16
歐洲,16
一萬,16
訊息,28
反過來,4
過年,44
天天,92
如,28
知識分子,4
勸導,4
個人,47
瘋,8
平時,55
人現,4
身體健康,11
沒法,8
崩潰,80
密集,12
忙不過來,4
衛生紙,68
何況,4
理解,32
閒到,4
東部,4
派,7
處理,31
這圖,12
推大說,4
不無道理,4
公車上,4
九成,4
直說,20
面面俱到,4
難搞,4
撇除,4
天價,4
倍,8
黃牛,32
價也,4
不太到,4
鄰近,8
沒得,11
研議,4
天前,4
不得而知,4
蔡,8
台灣民眾,4
太有,4
信心,11
票數,4
水準,20
幾百萬,4
中老年人,4
群組,4
揪團,7
提前,4
囤個,4
幾十片,4
正好,11
或許,8
早早,8
建設,12
沒理由,4
說出,7
來來,4
穩定,37
民心,4
正在,7
減少,36
行為,12
說實話,4
日本,47
兇,4
聊勝於無,4
屯貨仔,12
防不勝防,4
上星期,4
公布,32
從早,4
晚,11
每間,15
駐點,4
賴群組,4
夠被,4
搞,35
講不捐,4
大陸,43
人性,16
想像,12
八成,4
專車接送,4
看電視,4
上連,4
馬拉松,4
矛盾,4
浪費,30
風向,88
硬要,12
拖累,4
弄,18
愈亂,4
開心,23
阻止,4
車,31
後面,23
缺,20
很棒,36
拖垮,4
劣幣,4
驅除,4
良幣,4
蘇,4
每店,4
限額,4
美國,12
貴,250
聽到,12
水桶,15
輪班,4
越短,4
中共,24
果然,20
連個,4
極大,4
化,4
噓蘇,4
老頭,4
滿,18
七次,4
滿七,4
投胎,8
配額,16
再酸,4
現,20
在給,4
排超商,4
酸酸,24
換吧,8
班,12
還用,4
還沒去,12
買過,115
按,22
著要,8
自用,4
民進黨,20
硬,24
想法,8
棒棒,28
腦又崩崩,4
長時間,4
距離,7
繁體中文,4
腦袋,36
硬是,12
醒,7
發言,4
迫力,4
配發,16
知,4
換,33
很爽,8
科科,8
早噓,4
顏色,104
出事,8
背,8
追究,4
內亂,4
人噓,8
服務業,4
惟恐天下,4
不亂,4
天用,4
濕氣,4
嘿嘿,4
收復,4
教導,4
消毒,44
法,8
作都,4
嫌作,4
六塊,40
八塊,28
到時候,24
剩一,4
臥病,4
遊民,4
回去,36
眼前,4
這位,4
看似,4
症狀,10
同仁,52
究竟,8
潛伏,12
預防,16
勝於,4
作圖,4
大隊,4
失望,7
是從,8
隔離,8
檢測,12
考量,12
政,20
府,31
想要,48
迫切,4
在連,4
行,19
直,7
智障,27
門口,28
上樓,4
六元,16
炒價,4
漲,64
以上,89
傳,35
幾例,8
趴,36
各自,4
三小不怪,4
怪,20
照,16
控管,44
案例,8
增,4
加才,4
起碼,8
人人,24
有噓,4
ㄅ,4
大聲,12
文蛤,4
這樓,4
坐等,8
亂弄,4
垮台,4
灣,69
哦,45
嘻,8
變大,4
支那,12
談到,4
抓到,4
夠啦,4
那個,107
生產量,4
叭叭,16
社區,16
收縮,4
閉嘴,20
一元,16
版勒,4
精打細算,4
跟上,4
傳給,4
大撈,4
財政,4
別管,4
還被,8
鍵盤,16
天才,12
低能,20
亂成,4
一改,4
下去,15
必,14
第一線,12
傳遞,8
路徑,4
推健保,4
離,8
一家,43
公里,8
暫定,8
指,27
並,23
張卡,4
卡張,4
嘛,45
決策,8
莫名,8
奇妙,4
銳減,4
差距,8
五天,4
互傳,8
背鍋,4
爆點,4
負責,16
方向,4
竟然,30
發大財,28
玩壞,4
搭大眾,8
運輸,8
主因,4
空污,11
否,4
剛看,8
臉書,28
可戴,7
一整天,17
拿掉,12
省著用,4
換滿,4
腦,36
行號,4
收集,4
健保卡人,4
當天,26
滿額,31
全世界,12
開炮,4
前線,4
首先,12
看來,33
站崗,4
父噓,4
還能,53
版酸,4
可笑,8
低端,4
人口,24
受控,4
原者,4
追蹤,4
台商,16
過的車,4
廂裡,4
市民,12
診所,39
裡,19
解說,12
不知情,12
哪些,8
掌控,4
此事,8
那還,8
全台會,4
感激,12
毛,12
身邊,40
兩字,4
上學,4
同學,16
阿怪,4
準備,26
刻意,8
曲解,20
好意思,12
潛伏期,8
加上,27
檢疫,4
高噓,4
其一,4
有什,4
麼,12
夠台灣,4
流程,28
應聲,4
錯,28
人會,16
上課,4
路途,4
區中,4
情形,8
選戰,4
中發,4
這還,4
教早,4
翻出來,4
愛罩,4
不遮鼻,4
講話,24
要拉下,4
甚麼,20
就還,4
進入,8
十,4
百千萬億,4
中選,4
個數,4
口,47
下課,4
上下班,4
人講,4
都還沒,15
比對,4
衰,8
站,44
點名,4
未必,8
換推好,4
身處,4
避重就輕,4
意,8
思,8
高要,4
傳染病,12
陌生,4
第三,4
製程,10
疑似,4
物體,4
你講,4
選,46
承擔,8
暴利,20
還來,8
居心,12
翻,31
這句,4
問句,4
舉個,4
不可,12
辨識,12
怕死,4
跟風,12
遮住,11
鼻子,34
下巴,40
舉報,4
只問,8
倒底,4
戴而排,4
規定,28
便當,4
店放,4
前面,28
ㄉ,8
厄,4
薩斯,4
多少錢,20
推元用,4
對話,4
相對,4
順序,8
麻,4
煩請,4
對照,8
前後文,4
賣多貴,4
就是指,4
類人,4
乾,8
手,33
超酸,4
得知,16
話講,4
從頭,4
誤會,16
用個,4
睡覺,15
暴露,8
完善,4
共度,4
難關,4
轉好,4
祐,4
兩位,4
內信,7
煙粉,4
公共場所,4
並不需要,8
例如,11
除了,46
機關,8
剩下,12
季節,8
流流,8
餒,4
被當,8
騷擾,4
謎,4
之音,4
換計,4
餐飲業,4
店員,207
數學,16
很爛,7
這一,4
回事,4
白痴,24
怎夠,4
媽的,8
病快,4
關一關,4
在家,23
裡沒,4
天空,19
色,7
幹到,4
翻掉,4
己,12
幾小時,4
搞不清,4
楚,8
金氏,4
世界紀錄,4
要創,4
連續,8
數最多,4
網軍,4
著帶,4
幫主,4
子,4
補血,8
別黨,4
執政,12
弄成,4
看會,4
創紀錄,4
這都,8
揶揄,4
力求,4
亂七八糟,12
官要,4
備,4
位,8
所有,40
包括,15
轟炸,4
事先,4
上推,4
防範,8
拼命,4
洗手,12
衛生,37
那時,4
進去,27
多會生,4
沒來,4
一死,4
除話,4
仔真快,4
推說,19
十天,4
關鍵期,4
偉哉,4
蟑螂,24
群起,4
洗地,4
保,4
証,112
轉彎,4
發票,20
配給,20
刷身,4
分證,4
控制,26
港幣,4
人臉,4
☺,8
産,16
吵個,4
屁,4
人戰,4
砲,4
要不然,13
大拇指,4
按到,4
僵,4
惹,36
別提,4
搶存,4
開大絕,4
雙手,4
一攤,4
樣子,14
嘴巴,16
網軍的,4
下定,4
單子,4
砍,4
網路,55
實質,11
酸宅,4
可惡,7
出一,4
輕鬆,4
病的當,4
藥品,4
開藥,4
單一,10
天一,4
推哈,4
專家,8
新加坡,76
樣請,4
珍惜,8
該死,8
商有,8
看過,26
到來,4
阿姨,8
伯伯,4
要求,36
遏止,4
公德心,8
比片,4
推講,11
台灣酸宅,4
比爛,12
手中,4
南韓,8
機場,8
攔,4
該國,4
居民,4
只生,4
反串,12
做圖,4
真想,4
分杯,4
羹,4
星期日,4
賣有,8
跳針,40
哈囉,12
搶輸,8
退休,8
阿桑,4
搭,19
鄰居,21
抱,17
三盒,14
抱歉,29
推現,4
正,10
大頭,4
推以,12
價制量,4
先限賣,4
丟來,4
源頭,4
雙管齊下,4
以來,11
從來,8
過推,4
或布,4
戴著,21
人超商,4
早期,4
經過,37
買到過,8
有片,8
打算,8
群聚,4
贊成,4
一個月,22
長期抗戰,8
不起,4
最棒,12
壓量,4
編號,8
判刑,4
以後,19
加油,8
改用,4
付錢,4
以價制,4
操作,8
假定,4
聯合,4
出貨,26
壟斷,16
出貨量,4
先扣,4
個個,7
改賣,4
億,4
收稅,4
還爽,4
外國,4
講有,4
請安,4
另,23
管道,4
英國,7
炒,4
股市,4
還賺,4
捏,16
片片,8
用天,4
半,13
怎會,12
財才,4
棒,15
發達,4
貧窮,8
共產,28
物資,16
說真的,12
方便,45
找到,18
暈掉,4
努力,19
五元,8
拿麼厲,4
害,33
網軍推,4
網路上,15
趁機,12
賣不出去,4
還會,28
充公,4
缺德,4
嚴還,4
仔推,8
天個,8
到過,12
錯施,4
只會講,8
論證,4
暫時,8
太多,13
拉上來,4
咖啡,16
沒要,8
買沙,4
仔死,4
全家,80
\,4
凸,4
臨危,4
朝令夕改,4
小孩,15
學,15
開車,11
講個,4
反對,4
簡直,4
太棒,4
叫民眾,4
立院,4
開議,4
兩千個,4
偶數,4
日去,4
難得,8
做事,20
吵翻,4
蝦,8
賣元,28
這酸,4
可悲,40
井蛙,4
整天,36
任何,23
作為,4
搶得,4
當作,12
所謂,4
五毛,24
試圖,4
阿昌,8
推錢,4
生不帶來,4
死不帶去,4
好點,4
唉,19
別連,4
小錢,8
改善,8
我持,4
態度,4
翻天,12
醫護,20
軍警,4
八,4
十分,4
一個點,8
雖說,8
隨著,4
真心,12
夠嗎,4
喜勒哈,4
嘍,4
推對,12
認為,23
朝夕,4
令改,4
預料到,4
強大,4
三倍,8
觀落,4
陰膩,4
知識,10
淺薄,4
阻擋,8
飛沫傳染,4
了還,12
嫌少,4
少用,10
好片,4
轉賣,32
蝦皮,244
不該,16
思考,4
搶貨,8
以價,8
制量,8
天換,4
髒,49
晾乾,7
換但,4
多次,11
濕,28
換摘,4
下來,26
盡量,11
對折,4
放到,16
袋子,24
裡再,4
包包,4
或用,4
噴一,4
噴手,4
教,12
做法,12
孕婦,4
人渣,8
哭哭,23
嘍推,4
護士,8
一人配,4
太過,4
分推,4
推家裡,12
意料之中,4
沒排,4
過分,4
夠才,4
淪落,4
無罩,4
仔害,8
預估,8
人心,8
差不多,48
進廠,4
員工,68
理論,12
仔太多,4
不先去,4
其他人,24
兩,8
舉例,4
亞洲,4
不管怎樣,4
推幹,7
真要,4
觀光客,4
嚴格,4
入境,4
咬著,4
直吵,4
吃飽,4
罵人,8
綠畜,4
對岸,32
收購,36
以盒,4
出價,4
借題發揮,4
巴不得,4
日產量,4
裡有,4
乘法,4
除法,4
算算看,4
超支,4
一日,4
幼兒園,4
耶,70
萬人,4
場所,16
兩千萬,4
祖國,8
安慰,4
台灣拉到,4
一千萬,4
第二,22
人均,4
數就,4
第一,33
多人要,4
建立,8
戰備,8
基礎,4
衝,4
推連,15
產線,20
目標,4
喊,28
少數,12
外交部,4
產,12
濫用,4
扯政,4
欺騙,8
推爬,4
這篇,38
還活,12
笑爛,4
猛,4
游過去,4
海峽,4
加蓋,4
何要,8
將台灣,4
一分,4
二,4
二分法,4
吹牛,4
很少,18
千算,8
萬算,8
沒算到,8
高估,4
素質,12
經濟學,68
課本上,4
早說,4
黑鍋,4
飢餓,4
行銷,8
引起,8
說謊,4
太高明,4
緩兵之計,4
想必,4
經濟,32
學學,4
公民道德,4
教育,4
死當,12
千錯,4
萬錯,4
發生,12
大師,20
道德教育,4
哪本,12
說量,4
夠的,12
刁民,28
基本常識,12
無知,44
元兇,4
自由,28
原來如此,13
結案,4
課本,8
改寫,4
治國,12
高雄,16
作,8
履歷,4
甩,12
可比,4
文革時期,4
全民,4
大煉,4
鋼,4
修正,12
黨證,4
選完,8
有教,8
遇到,16
緊急,12
危難,8
推就將,4
點用,4
對民眾,4
品,7
三令五申,4
訴之,4
道德,4
推都,4
芒果乾,12
不會錯,4
過往,8
扁,8
馬,27
推韓粉,16
當年,8
戴布口,4
王小菲,4
市長,4
和平醫院,4
典範,4
不提,4
台灣確,4
診,4
草包,8
當政,4
先捐,4
給藍腦,4
依據,4
隨便,20
講講,4
一是,4
二是,4
到民眾,4
需求量,16
如此,12
不靠,4
空曠地,4
算了,8
羊群,4
效應,4
戴噓,4
在野,4
行連,4
還推給,4
咧,11
汙衊,4
上癮,4
這年頭,4
同路人,8
事事,4
盡如人意,4
嘻嘻,24
推某,12
板噓,8
推憨,4
粉們,4
反駁,16
打腫,8
臉,47
共,12
透氣,11
上線,8
突然,8
句,4
風氣,4
捫心自問,4
線,39
高中生,8
懂,59
徵收,44
先生,4
我超,4
分身,4
板主,8
好好,20
蓋住,4
貼合,7
鼻樑,10
拉開,7
戴反,4
靠背,8
吃飯,20
不拉到,4
往上拉,4
眼睛,24
拖,4
他媽,8
難道,28
挖洞,4
推下,4
三元,4
客,8
吐出,4
要拉到,4
反覆,4
不滿,4
誰有空,4
那排,4
隊噓,4
爛,4
沒關係,8
第一個,4
推網,16
軍,4
大賣,4
作業,8
十塊,8
中國香港,4
少錢,4
架上,24
推文森,4
七七,4
離職,4
幫忙,4
提高產量,4
還想,7
吃大便,4
黨來,4
用噓,12
不買,11
國產貨,4
外移,8
邀,4
淘寶,23
幫兇,4
愛台灣,4
手護,4
堅定信念,4
打倒,4
唱,4
衰者,4
一口,4
氣買份,4
只買份,4
買份,4
哥點,4
看時,4
期待,8
踩,4
行兇,4
還沒,22
批判者,4
角度,4
理性,8
嫌貴,468
掏,4
寶貨,4
張健,4
領片,4
需戴,4
客戶,16
該不該,4
講幹話,4
見面,4
線上,4
家族,4
病史,4
大伯,4
一邊,20
坑,13
殺,13
百姓,4
這周,4
四,15
安心,29
移民,24
享受,4
快感,4
均分,4
提高,32
過渡期,4
更能,4
全家人,8
代買,8
數,4
幾趟,4
噓撐,4
幾點,12
多大,4
漏洞,8
變到,4
禮拜四,4
下次,12
下個禮,4
拜,4
還漲,4
備著用,4
一爆,4
暴漲,4
好幾倍,4
似的,4
機制,8
以及,8
壓實,4
名,24
路邊,8
擺攤,4
盒還,4
歐巴桑,4
嚇到,4
手手,4
了給,7
月領,4
推怪,4
幹麼,4
囤產,4
確信,4
忘得,4
一乾二淨,4
別吵,4
一下子,4
跳,23
智,4
戰,4
傍晚,40
各超商,16
新聞自由,12
時報,12
路上,30
經濟部,96
今,24
送達,16
各地,12
完整,19
鬼父,4
即時新聞,4
綜合,8
下稱,4
延燒,4
昨,4
統一,60
售價,51
傳出,7
趕緊,31
發文,12
物流配送,4
時間差,4
一批,8
陸續,8
今日,8
專頁,4
歹勢,4
趕路,4
強調,20
年,36
節時,4
衛福部,16
完畢,4
開工,8
自行,7
時要,4
請物,4
流來,4
收貨,4
運送,4
因此,12
今天上午,4
推元,71
超值,11
無關,16
要守,4
秩序,4
瘋狂,16
塊錢,12
折耶,4
國禁,4
比元貴,4
來路不明,28
炫耀,16
數字,4
納稅錢,8
貼補,4
販賣機,12
十元,16
並不一定,4
掏寶跟,4
慢性,4
死亡,4
太少,4
買別,8
殘念,7
推能,8
抵用券,4
電子,8
支付,4
付現,4
屈臣氏,38
一位,8
分裝,163
手套,65
哪邊,59
利害,8
市多貴,4
影,8
秒,19
殺人,4
圍剿,12
恐怖,7
中午,27
另間,4
萊爾,207
富,130
由,4
別派,4
推帶,12
補貨,66
已多,4
打臉,4
急呀,4
推好市,137
貨還,4
推罵,12
小量,4
裝的,4
價錢,134
上前,4
風乾,4
寄生,4
生存,4
太久,8
這段,4
各個,4
有政黑,4
常客,12
說會,4
破壞,8
防水層,4
搜尋,25
事務,4
拿來,25
戰了,8
亂教,4
太棒了,4
提早,8
介入,32
到給,4
新加坡政府,12
每戶,20
四個,28
給推,8
最貴,8
推在,19
賣貴,4
人氣,4
上來,32
充滿,4
澳客,4
國民,4
還嫌,8
推塊,36
很貴,4
製作,8
條件,12
點好,4
算術,4
巷子,4
剛有,4
儲存,4
用光,8
一步,7
拓線,4
急送,4
一戶,12
說錯,16
以為,40
材料,18
四口,4
只給,4
送個,8
選人,4
買個,32
幾塊錢,28
重點,66
性格,4
他付,4
一毛錢,4
翻桌,4
知足,4
送次,4
比是,4
只用,10
表達,4
戶限,4
領個僅,4
少快,4
好人,4
只會顯,4
太貴,30
抽包,8
菸,23
喝杯,4
飲料,17
戴為,4
判斷,12
好壞,4
只塊,4
哈佛,20
腦才,4
勸醒,4
別太,4
謝主榮恩好,4
感噓,4
起跳,16
還羨,4
慕只,4
說塊,8
骨氣,8
商家,4
加個,4
一陣子,4
桶裝水,8
空筒,4
喝一杯,4
各式各樣,4
雪崩,4
式,75
擴散,4
可買,4
體系,4
崩盤,4
早晚,4
狼性,4
要死,4
深感,4
無奈,16
元還,16
供需,16
失控,4
推不只,4
零,8
收歸國有,4
推個,4
比會,4
不知足,4
抵制,4
人端,4
對策,4
酸民不刷個,4
存在,12
感怕,4
廠廠,8
哀鴻遍野,4
兩元,28
貨就,4
三塊,4
鯛民,4
超扯,4
有留,4
一兩週,4
應急,24
剛,52
跟都還,4
某黨,4
人們,4
狂罵,4
操控,12
斂財,4
控而,4
放任,12
不知,51
改口,4
收支,4
小粉,4
累累,4
放假,12
小七還,4
鳳,4
成本價,8
蘋果,4
奸商,4
推剛,19
進貨,60
三箱,4
婦人,4
三間,11
內湖,8
只發,4
推買給,4
還不,16
想酸,4
欣賞,8
你還,8
東拉西扯,4
你家,4
人能,7
後果,4
寧可,10
八塊錢,4
入元,50
不准,4
推弱,4
弱問,4
為何,12
身份證,4
刷卡,4
有心人,16
重覆,8
菜會,4
改吃魚,4
零售商,8
要連,4
內政部,4
疑慮,23
好險,8
選對,8
還讓,8
ㄎ,8
進進出出,4
算了吧,4
飆漲,4
要價,4
國際,16
歐元,4
網拍,28
哄抬,32
外科,135
價位,21
買盒,7
紅茶,4
鐵,4
喝,12
起塊,4
依照,4
比元,8
國難財,4
推來,8
大開眼界,4
別國,4
自殺,8
還扯,4
税,4
零售,68
千萬,8
拿入,8
入,115
大盒,4
前來,4
暑假,4
十分鐘,12
完售,8
一塊,12
兩塊,40
有種,16
忘記,8
醜還,4
關燈,4
消火,4
問了,12
新竹,7
規律,4
按時,4
一兩個,4
搶來,4
囤嘴,4
難買實,4
際,4
大地,4
遊戲,4
家超商,4
那元,4
親友,8
做人情,4
超難,4
先給,4
你好,8
家裡,71
過剩,4
買噓,12
水洗,15
算下來,20
推崇,4
吵成,4
真愛,4
推頂,4
要用,8
五點,4
商都,20
發佈,4
車也,4
剛到,4
熟客,12
出去,20
康士,4
美剛,4
救高雄,4
救,8
肥皂,11
洗分,4
腦了,4
小吃店,4
理由,15
從不,4
曾,4
過推連,4
買不起,40
肥宅省,4
元雞排,4
家超,4
柚子,8
皮,8
人工,12
貴在,11
人力,20
這推文,4
百來,4
自由市場,8
鈔票,8
點都,4
不難,4
財比,4
公仔,4
模型,7
漲幅,12
還大,4
回收,4
超快,4
噓問,4
周圍,12
富都,16
沒貨,46
上岸,4
賣噓,4
依然,8
你別,4
滾開,4
價格合理,4
元嵐,4
差元,16
圖利,8
沒品,4
極限,4
店長,4
熟人,4
拒絕,8
暴增,8
幾倍,4
付,16
配貨,4
策略,4
遠望,4
二份,4
推苓,4
富說,8
嘴臉,8
茶葉蛋,4
幾千塊,4
多會省,4
最省,8
花錢,12
說服,4
它,72
不貴,36
貴老,4
說法,12
貼錢,4
倒賣,4
體恤,4
金,62
阿超商,4
上下,7
歸類,4
身在,4
錯覺,11
單買,4
過入,7
過去,13
剛買,14
分內,4
大宗,4
張飛,4
岳飛,4
兩樣,4
哭喊,4
推超,25
定片,4
上個,4
不買怪,4
再帶,4
還不怪,4
大意,4
輕忽,4
哭,28
非疫期,4
承平,4
寶雅元,4
瓶裝水,4
商人,32
放,20
趁現在,4
還沒漲,4
太多快,4
日韓,4
自助餐,4
禁止,28
照樣,4
推退,4
一百步,4
價才,4
死活,4
鳥,4
幾盒,24
刷刷,4
感好,4
優越感,8
康是,20
美,16
快百人,4
去年初,4
外掛,4
破萬,4
零用金,4
眼紅,4
真可憐,4
斤斤計較,8
那塊,4
稍早,4
推人,8
買片,8
推元還,4
多窮噓,4
腦又想,4
亂罵,4
人露,4
鼻孔,7
抽根,4
搶個,4
很會,8
貨車,8
司機,8
參與,7
其中,4
出不起,4
他長,4
想字,4
兩家,16
分別,4
盒及,4
盒,205
秒殺,8
少跑,4
多趟,4
折騰,4
海關人員,4
攔下,4
偷,4
夾帶,4
閒逛,4
路過,16
七,4
十幾間,4
全都,11
很窮,4
樓下,16
滿滿,4
鬼島,8
保命,4
喝個,4
搖飲,4
雙標,4
周末,4
推元元,4
舒服,41
推作,8
日常,11
如果說,8
推政黑,4
上工,4
加薪,4
秀,4
下限,8
零售價格,4
的問,4
人手不足,4
推超商,24
外銷,12
抬價,4
聰明,8
平,4
常時,8
都給,8
要酸,4
過渡時期,4
二十元,4
工後,4
搶著,8
亂源,4
太晚,4
違反,8
規則,4
呵欠,4
演唱會,8
票,12
門票,4
換口,4
此行,4
可取,8
職國,4
歌功頌德,12
曉得,12
九萬,20
學生,12
都還,8
躲家裡,12
內線交易,4
弊端,4
我領,4
沒領,4
變輕,4
鬆,16
耶才,4
這馬少,4
林,8
益世,4
歪,4
唬爛,4
切,4
雞雞,7
承認,4
順利,8
多留,4
除,4
黃牛票,4
查一查,4
老百姓,8
不肖,8
業者,20
逛,8
兩大,4
半夜,11
乖乖,20
別跟我,4
黃先生,4
命,8
不值,8
阿真,4
別買,20
推要,33
商群,4
組會,4
內會,4
珍貴,4
巷口,4
小說,4
今晚,32
點來,4
推買塊,4
售罄,4
多元,7
比命還,4
走掉,8
衝去,8
完後只,4
三組,4
播放,4
公,7
造謠,48
杯,4
美有,4
剛跑,4
皇讓,4
政績,4
南投,8
問一,4
城鄉,4
倒,15
挺,10
老實,4
很快,23
可進,4
酸民噓,4
民主,8
中華民國,7
俓,4
一致,8
推計畫,4
實驗,4
失敗,4
資本主義,4
三家,8
連跑,8
十家,8
八元,16
趕工,24
過勞,4
至今,8
備有,4
剩組,4
後點,4
問買,4
備用,12
投幣,4
接管,8
吸武,4
漢,4
空氣,71
車子,4
手邊,16
剩個,4
不戴要,4
著用,4
很閒,4
看透,4
效率,16
刪除,4
買賣,8
非得,4
坐人,4
缺錢,4
必須,7
工作,56
趕個,4
吐司,4
第一次,16
哈哈哈哈,17
戴上,8
版有,12
人文,4
買超,12
商,24
一倍,11
長輩,36
莫名其妙,8
沒買過,8
盒裝,128
大部分,11
病人,8
財的,4
缺德鬼,4
想運,4
耶噓,4
上點,4
點半,4
賣光,20
搜刮,8
何不,8
用健,4
睡,13
幸好,16
姊,8
去年,27
唸,11
用不完,8
我妹,7
給個,4
持,7
續用,4
進到,4
保護層,4
教推,4
配給制,4
台幣元,4
徐,8
旭東,8
徐董,4
表現,8
推再,4
配都,4
轉售,4
賣還,4
命連,4
推都會,4
固定,10
五家,4
超商配,4
步道,4
北部,4
配,4
有用嗎,8
用批,4
貨價,4
超商賣,25
生產線,4
一大早,8
買還,4
鳥松,4
這的,4
賣個,15
如過,4
之類,25
貴給,4
盤子,4
推過,4
立意,4
耐,7
付費,4
開發票,4
爆走,4
故意,7
釣魚,4
釣,4
坐,4
一補,4
傢伙,4
品牌,46
買煩,4
不煩,4
給不,4
停課,8
政客,8
既然,8
民,4
口水戰,4
好煩,4
窮鬼,4
酸味,4
整個,23
飄,4
本事,12
證換,4
狠,4
難,28
騙,16
肖,8
會藏貨,4
康跟屈,4
紙條,4
牢牢,4
玻璃,4
勤勞,4
撕掉,4
乞丐,4
屌,4
比價,21
中山,7
喜,4
韓兒,4
搞不懂,8
常識,8
選擇權,4
一副,4
寧願,4
八片,4
偽日牌,20
原文,24
恕,16
刪,16
聯有,16
下圖,12
活性碳,643
一人限買,12
包入,21
風過,4
無痕,4
告示,4
似乎,31
查到,12
四層,48
包裝,182
沒寫,43
幾層,20
衛,44
服部,28
全聯,97
客服,23
塞,8
寫,183
東鑫,4
興業,22
這家,15
有衛,12
頁面,7
圖案,4
全聯賣,4
了解,7
狀況,20
剪開,4
這就,4
活性炭,26
保險,8
混淆,8
檔,7
不住,7
同樣,31
外觀,12
產品,32
我查,4
層,73
檢驗,35
如何,8
標榜,8
通過,19
大都會,4
標示,46
有衛部醫,4
器,56
壹,32
第,20
沒標,12
但官,4
網上,12
推信,4
信官,4
網吧,4
官網,40
衛生署,20
醫,40
查不到,13
板友,26
原買,4
衛部醫,4
型,26
官,8
轉給,4
騙人,13
具備,4
擋,61
盒子,47
沒層,4
推原,7
不斷,8
循環,4
推如,8
詢問,13
問貴,4
聯,4
活性,23
碳,20
堅持,16
假,48
全聯寫,4
嫌疑,16
那款,48
致電,4
問全聯,4
很難,4
網友,4
空檢,4
驗推,4
不通,8
神化,4
難不成,4
沒人接,4
漏,4
那句話,4
告示牌,28
款,38
看出,12
證偽,4
想查,4
材質,63
講得,8
列出,4
字眼,4
只差,4
夾層,4
只標,4
靜電,12
顛倒,4
懶得,8
回覆,26
推查,7
標準,36
介紹,4
標配,4
三層,59
看層,4
那層,8
包,37
商品,67
內含,4
某項,4
懶,15
包含,7
哪幾,4
附上,35
外包裝,18
一欄,4
濾布,4
問版,4
執著,4
那戴個,4
推全聯,8
我會,12
爬文,13
功課,8
指稱,8
爭議,4
原,62
證據,16
連絡,7
衛福部查,4
公眾,8
纏著,4
版友,31
信件,4
有講,4
剩衛福部,4
先上來,4
問噓,4
袋裝,16
會標,8
袋,10
不常買,4
慣例,4
認明,8
許可證,88
怪人,4
你問,4
員,15
投訴,4
等不及,4
回店裡,4
退貨,23
沒去,12
給超,4
商得,4
有防潑,8
水層,4
供參考,4
長庚,4
裡的,8
杏,4
一買,4
給超商,12
塑膠袋,8
裝好,4
嗎連,4
品名,36
製造商,20
等級,58
適用,7
問券,4
調查,4
問的,4
開頭,4
預設立場,4
標籤,4
噓限,4
感到,4
委屈,8
小包裝,20
幾款,17
沒限,4
引導,8
限買個,4
鍍金,4
指示,12
腦補,12
鑽牛角尖,4
浪費時間,16
給全聯,4
訓練,4
問過,8
路人,20
放上去,4
指定,31
印象,15
詢,4
問全,4
聯過,4
全聯買,4
品項,4
跟進,8
或者,11
沒問,4
全聯為,4
單店,16
消費者,17
買菜,4
勸退,4
桑,4
有無,40
顯眼,4
打牆,8
問啊,4
兩件事,4
連在一起,4
一廂情願,8
明確,12
問推笑,4
謹慎,4
類似,17
款式,15
只賣,4
賣場,66
公告,23
ㄜ,4
他款,4
擺在,4
衝突,8
主要,27
元店,7
宣稱,8
不太,20
借問,4
層鎔噴,4
織布,43
醫器,88
標注,4
內容,20
物,11
奇人,4
奇文共賞,4
一件,34
不論,8
大小,16
旁且,4
一半,7
搞混,4
明寫,4
人誤,4
應對,4
這波,8
很小,4
店裡,8
區別,4
說貨,4
候會,4
尿布,4
會用,4
差異,15
工讀生,4
給他,7
全聯好,4
保護,12
幾十塊,4
人用,7
就當,8
寫限,4
聯想,4
批貨,8
顯出,4
對比,4
犯法,4
舉證,4
能防,8
這標章,4
這類,4
才行,7
多賣,4
傻到,4
謠言,8
醒醒,4
基本上,11
外科手術,4
層數,4
我用,11
紙包,4
十層,4
還不自,4
干,8
屁事,12
廚房,4
食品,8
看字噓,4
問號,7
多人,17
就噴,8
口味,26
道,15
常見,4
只信,4
懶人,44
這跟,8
錯版,7
型號,7
的還,4
貨會,4
搶購潮,4
誰知,8
道會,4
放個,4
很差,7
認知,12
人問,7
結論,4
網站,17
只放,4
拍照,4
向,12
客訴,4
錄音,16
設備,4
好在問,4
錄到,4
吉,7
詐欺,4
關,4
來到,11
全聯板,4
幾歲,4
中文,4
膩推要,4
層層,11
當成,8
你當,4
這鬼,4
問版噓,4
抵擋,4
再查,4
將調,24
降至片,24
聯合報,12
戴瑞瑤,12
即時,12
升高,28
爆量,28
下雨,4
調降,24
盧振,4
昇,4
攝影,4
由於,12
定價,20
結束,23
通路商,8
失衡,4
採取,4
調控,4
原則,8
中央,16
宣佈,4
全面,4
部長,4
沈榮津,4
召集,4
日止,4
約,12
後續,8
加大,4
公務,4
藥妝,16
醫材,16
其餘,4
四大,8
超商並,4
限買,4
至片,4
高以,4
物流業,4
為例,4
召回,4
駕駛,4
加班費,12
平日,4
翻倍,8
恢復,11
自月,4
依,20
統籌,8
陪病,4
探病,4
次片,4
快給,4
元片,4
片還,4
看不出,4
致敬,4
完該,4
恢復正常,4
倒數,4
三行,4
推愛買,12
元噓,4
便民,4
公共場合,4
除夕,8
五金,4
五個,4
焦慮,4
原價,65
靠杯,4
慣,8
商屯,4
貨這也,4
剝削,4
抑制,4
物價,20
用元,4
崩,12
多花,4
四元,8
去舉,4
布條,4
賣多,4
喜歡,33
加班加點,4
買貴,13
虧,4
就讓,12
吱吱叫,4
推買元,4
抗議,4
選舉,16
一大堆,8
噓要,4
舉發,8
功能性,8
很堪慮,4
好幾千,4
萬倍,4
才爛,4
萬萬,12
好賺,12
從元,4
點啊噓,4
連結,33
自然,8
推比爛,4
美日港,4
分送,4
科學,4
賣塊,8
賣快,4
自有,20
牌片裝,4
要給,4
多點,4
跟量,4
販比,8
中衛,496
能用,4
從沒,4
大於,4
供給,4
價並,4
鄉下,4
陸,4
傑出,4
一手,8
急用,4
地板,4
天花板,4
以免,4
推姆,4
咪,16
入手,31
單純,18
拿走,4
降,16
不智,8
高見,4
有助於,4
降低,12
意願,4
今年,15
物料,36
積極,4
產商,4
穩定物價,8
住宿,4
夜市,4
預算,4
大年三十,4
裝元,12
接受,28
無貨,4
只出,4
觀光區,4
旅客,4
掃完,4
想換,4
徵召,4
院,7
用量,28
不讓,4
多賺,8
收,10
仔連,4
石化,8
味,15
重,8
講不出,4
所以然,4
罵罵,4
號廠,4
廠,11
買給,8
隨機應變,4
共塊,4
動腦,4
推蝦,4
星巴克,4
沒錢買,4
並且,4
啾,8
還不推,4
詐騙,8
集團,4
淨,58
藍,14
鷹,4
匠心,139
康匠,48
推貴,8
元能,4
滯台,4
基本,30
原理,7
嚇壞,4
後來,11
南,8
永康,4
未免,4
哪家,8
在裝,4
推賣,8
陸輸,4
品質,51
看著辦,4
狂魔,4
大板,4
這副,4
德性,7
大選,4
對象,4
選輸,4
十年,4
加點,4
投共,4
適合,15
這也能,8
電鍋,4
蒸,4
毫不,4
幾隻,4
不差,4
沒想過,4
工人,4
錢膩,4
商代,4
收都,4
手續費,4
含淚,4
吞下去,4
上周,4
富買,29
噓媽,4
湖北,12
廚罵,4
機器,8
加工,4
全速,4
運轉,4
價格比,12
促銷,19
元不貴,4
關心,8
操弄,4
民粹,12
參觀,4
夏天,13
買次,4
張,4
買一送一,45
推蘇,8
強推,4
政黨,4
掛台灣,4
推請,8
定義,12
何謂,12
一點點,18
艱困,4
時刻,12
千呼萬喚,4
人塊,4
給與,4
國產,4
菜市場,12
兩塊錢,8
看清楚,8
點還,4
幾毛錢,4
窮成,4
差一,4
調高,4
調回,4
叫做,4
四盒,48
細項,4
精良,4
大國,4
輸出,4
國近,4
比例,8
中間,16
那層過,4
濾膜,4
層會,4
優良,8
迅速,8
出能,4
平抑,12
花元,4
正反面,4
優惠,48
要強,4
迫,4
留意,11
嫌元貴,8
稱不上,4
有買過,15
提到,7
有台,4
籌貨,4
手機,7
別用,4
奢侈品,4
託,4
福,4
雞,4
腸肚,4
眼,4
難看,16
哈哈,39
手搖,4
飲,4
購入,11
看家,4
裡也,4
電商,8
特價,244
常陪,4
變元,4
三入,16
幾元,12
掃貨好,4
最低價,28
比幹麻,4
高級,16
到哪去,12
何時,35
各國,8
公衛,4
莫衷一是,4
說元片,4
搞清,4
膜,4
同品,4
質同,4
比台灣,4
多塊,4
美買片,4
具體,4
菜價,4
懂不懂,4
時價,4
視同,8
作戰,8
戰爭,4
戰略物資,4
超商問,4
範圍,8
居安思危,4
賣外,4
用過,23
臉會,10
癢,8
文裡面,4
沒出,10
社會,8
還賣,4
掃去,4
千萬別,7
七月份,4
五片,16
平均,92
元多噓,4
多貴,4
出差,4
長,19
碗公,4
呼吸,49
統配,4
只會漲,4
帶閥,4
推五入,4
元月,4
剛查,4
推小七,4
賣入,4
自願,4
弱智,4
拆掉,4
強迫,8
零售價,4
目的,10
牛皮,4
吹破,4
講到,4
選擇性,4
失憶,4
拿量,4
囤太多貨,4
瞬間,8
有差,11
那點,4
有夠,15
人腦,4
補缺,4
不用浪費,4
吠,4
貨況,4
平民,4
單片,24
元來,4
價噓,4
算好,4
舔,4
大批,4
捐贈,4
貴死,4
寶寶,4
還以,12
垃歌,4
零裝,4
捐一捐,4
拆出來,4
訝異,4
大便,8
腦子,20
洞,11
捐為,4
貨到,4
先暗,4
或福袋,4
文字,4
書,8
唸一唸,4
撒,4
綠區,16
滑,7
打工,4
肥宅,4
整篇,8
識字率,4
膝蓋,4
走路,7
跳到,4
外,8
太空,4
小學生,8
吵架,4
你強,4
用字,4
遣詞,4
強國,4
顯貴,4
別忘了,4
網購,28
貨只,4
萬票,8
很氣,4
腦又在,4
裝,37
泯滅,4
好氣,4
在意,4
不在意,10
價差,11
登記,15
黏,4
這貴,4
事能,4
這扯,4
判斷力,4
企圖,4
業配,4
有證,4
專版,4
崩完,4
換來,8
三萬,4
獻金,4
民進,4
抗,7
中保,4
台的啦領,4
起床,14
開店,8
造福,20
同胞,4
發到,4
賣好,7
鑽,4
搞爛,4
收入,8
丟,7
還不貴,4
裝塞,4
頭痛,4
兒童用,4
一杯,4
文具店,4
做生意,12
機八,4
礙眼,4
推用,18
幾百塊,4
招,8
領錢,8
功德,20
役情,4
壓,8
天花,4
花不起,4
陣子,27
情,4
糗,4
介於,4
用點,12
眛,8
貴窮,4
罪,4
思想,4
腰,4
蛆,8
賺當,4
慈善事業,4
春節,12
額外,15
費用,7
齁,4
一塊錢,4
計算,8
新年,4
公共政策,8
去甲,4
講啊,4
吸收,4
稅金,12
在講,4
廢話,4
全給,4
賠錢,4
搞錯,4
費,12
吃屎,8
哈哈哈,34
念點,4
一味,4
根據,4
價目表,4
賠,4
因,23
事關重大,4
拉鋸,4
壓低,20
藉機,4
搶劫,4
強姦,4
政權,4
解,4
釋,4
無腦,8
也許,8
人怕,4
查證,4
補貼,44
納稅人,12
一群,11
看不出來,4
壓價,8
當台灣,4
岸,4
推去,8
置底,4
文向,4
人身攻擊,4
房子,12
壓多低,4
補助,16
講清楚,4
屎,4
算不清,4
沒屎,4
算算,4
幼稚園,4
印,12
個元,10
動用,7
預備金,4
況且,8
繳稅,8
推算,7
說不清,4
供不應求,4
又逢過,4
年休假,4
爭,4
戴現,4
理直氣壯,4
免戴,4
委託,4
片元,27
裝屎,4
求,8
神經病,4
解法,4
他媽的,8
瑜,8
芭樂,4
捨不得,12
寂寞,4
陪,4
聊,4
寶雅買,4
公權力,4
強制,8
很蠢,4
推鬼,4
這刷,4
感推,4
醫材廠,4
寶雅片,4
發個,8
還只,4
出手,4
人掃,4
貨幹,4
發條,8
超緊,7
顧慮到,4
禁,4
閒著,4
沒事幹,4
偶爾,7
用不貴,4
衝衝,4
緊,7
黨軍,4
三百,4
要護,4
點經,4
起靠驗,4
更何況,8
票別,4
公交,4
好看,16
忘,8
歉,4
屯太多,4
不屑,4
恭喜,4
講屯,4
保存,8
期限,8
夠兇,4
左右,37
市場經濟,4
反台,8
反到,4
專制,4
都講,4
亂搞,4
亂成一團,4
發啥,4
回查,4
出面,4
急,4
耐心,4
等量,4
產有,4
還給,4
國民黨,4
在商言商,4
自進,4
商業,4
合作,4
特,11
定點,8
集結,4
不但,4
不省,4
時還,4
不利,4
元收,4
推求,4
奇觀,4
應變能力,4
釣出,4
拒買,4
價你,4
西台灣,4
腦又,4
臉皮厚,4
智商,12
過早,4
言論,4
世界奇觀,4
不說,4
有平,4
均,4
沒貴,4
了點,4
美元,4
人民幣,12
推西台,4
運費,26
要錢,12
說元,4
而訂,4
五入裝,4
薪水,4
真多,4
出售,4
投放,4
超商塊,4
價,20
過超,8
全額,4
這波作,4
慶幸,4
跪,4
走宗痛,4
推前,14
奇葩,8
商塊,4
沒元,4
比包,4
人還,8
狂,17
統計,4
小煙,8
管控,7
給我大,4
韓導來,4
驚人之舉,4
一根,4
香蕉,8
圖個,4
昨天早上,4
六點,4
推銷,7
高雄版,4
常看到,8
蛞蝓,4
遠遠,4
撿,4
稍晚,4
搬出,4
今早,4
櫃抬上,4
柯韓,8
糞,4
推調,4
月初,4
片裝,4
朝聖,4
失禁,8
效仿,4
夫妻,4
可控,4
團,20
購價,18
買單,4
候,8
亂花,4
買元,4
偷偷,4
菲律賓,8
搶成,4
物以,4
稀為,4
違背,4
副作用,4
醫字,4
我片,4
還行,19
要訂,7
便利,8
單價,17
那片,4
北七酸民,4
當地,4
萬戶,4
家庭,4
僅限,4
早餐,4
櫃台,8
滿滿的,4
沒講,4
別急,4
高潮,4
訂價,8
痕跡,4
德國,4
買斷,4
中國政府,4
跟生,4
收歸,4
推一覺,4
醒來,4
腦還,4
沒崩,4
出沒,4
過程,28
個別,8
超商要,4
非要,4
對面,4
香味,4
先幫,4
藉口,4
本,8
營運,4
績,4
效差,4
別家,8
然,4
拉高,4
營收,4
我連,8
發三小,4
光光,8
省到,8
低於,10
怎不去,4
給點,8
小心,18
沒投,4
戴片,4
會花,4
仔才,4
商販,4
售讓,4
較易,4
購得,4
元賣,4
給急,4
事實上,4
一窩蜂,4
沒帶,17
鼻,11
三小,4
吃素,4
網購團,4
整條,4
供應鏈,4
補,12
下三濫,8
廢墟,8
下架,8
鬧,4
無視,4
黑單,4
清清爽爽,4
狂帶,4
打字,4
不停,7
推做,4
危急,4
藍綠,7
人生,4
乳,4
哪講,4
打的好,4
大大的,4
民族英雄,4
準時,4
推投,4
韓才,4
滿高,4
也好,12
門檻,10
腦好,8
單入,8
單條,4
產地,7
批發價,4
限價,4
噓元,4
交給,4
還夠,4
撐個,8
再補,4
週圍,4
緊急狀況,4
同事,12
團購,32
領悟,4
抽屜,4
寶物,4
親人,8
堪慮,8
不在,4
到連,4
單日,4
意義,15
超商的點,4
吧連,4
搞不清楚,7
四處,4
普及,4
大排長龍,4
韓導,4
崩成,4
兒,4
醫療界,4
親友團,4
心想,8
問哪裡,4
有元,8
用片,4
降元,4
牌,29
早日,4
頂,22
著大,4
太陽,4
拿出,4
哀哀,4
設定,7
上限,4
之際,4
內噓,4
算上,4
恐怕,4
推別,4
連元,4
心裡,4
貧乏,4
推老愛扯,4
常,13
心存,4
想過,4
人來,4
潮,4
降到,8
搶的過,4
多年,4
房價,8
土地,4
抑止,4
我缺,4
那元元,4
差膩,4
買貨,4
不來,4
催,4
訂單,15
交期,4
美金,20
現鈔,8
上週,10
下單,16
取消,16
週要,4
塊塊,4
韓圜,4
貶值,4
魅力,4
惜福,4
飛漲,4
內需,4
公佈,4
港元,4
不敢想像,4
連粉,4
猴子,8
沒腦,4
器材,44
白共粉,4
一家親,4
賣元算,4
更貴,8
醫師,8
且還,4
疫期,4
好了沒,4
銷,4
假使,4
減免,4
稅收,4
獎勵,4
過噓,7
快光,4
不漲,4
反降,4
心理戰,4
推買過,11
財團,4
瀆職,4
推比,4
處置,4
加開,4
紅媒,4
不恥,4
去康,4
美買,4
片耶,4
吃緊,4
價揚,4
巴望,4
蓄意,4
明快,4
貴是,4
無恥,4
號貨,4
到位,4
眼裡,4
還更,4
好顯,4
マ,4
ス,4
ク,4
１,4
箱,7
４,4
万円超,4
え,4
ネ,4
ッ,4
ト,4
通販,4
で,4
高騰,4
搬走,4
箱入,4
還管,4
便,4
歐台幣,4
戶,8
免費發,4
粉會,4
愛嫌,4
愛搶,4
被告,4
散布,8
實,4
消息,14
差噓,4
愛買貴,4
還在講,4
時空,4
旅人,4
頂多,4
沒念,4
過書,4
推文還,4
差點,4
死掉,4
支那人,4
保噓,4
愛買,76
消息來源,12
全臺,16
門店,16
限量供應,12
各店,16
為主,12
詳洽,4
密度,4
難買,4
推跑家,4
收掉,4
遠,4
賣片,4
也夠,8
學校,4
寒輔,4
屈康,4
美加,4
八間,4
屯好,4
順路,4
搞定,4
比超,4
商貴,4
佩服,8
頭腦,4
夠會,4
過嗎,4
裝有,8
乾淨,8
污,4
染,4
污染,20
空污還,4
毒,4
五塊,4
酷斃,4
隔壁,4
健身,4
環還,4
購,31
欠,4
落實,4
尤其,4
大夜班,4
執行者,4
生且,4
開放式,4
前台,4
安,4
平安,4
渡過,4
這一波,8
員外,4
遠傳,7
至於,7
安全,7
表面,15
等等,16
致,4
少有,4
整盒,32
打開,28
新鮮,12
危言聳聽,4
減半,4
供應,4
商店,16
手工,4
趁熱,4
愛愛買,4
完手,4
美女,4
公文,8
散賣,12
推小,10
沒封,4
囤到,4
完蛋,4
下方,8
兩點,4
樹大有,4
枯枝,4
遇,4
母公司,4
申訴,4
心存僥倖,4
百人,4
還說氣,4
戴奧辛,4
挨,4
黑名單,4
滅菌,68
買買,8
急著,4
我媽,8
扔,7
泛黃,4
爸媽,4
一翻,4
德,7
雙重,4
愛亂,4
人造,4
公共,12
用詞,4
微妙,4
對獎,4
開封,11
會觸,4
碰,4
裝也,4
來來去去,4
變數,4
跟家裡,4
多太多,4
雙重標準,4
超商分,4
照著,4
噓家裡,4
人流,4
能比,4
沒洗,4
給我,8
散播,4
推愛,4
過元,4
另有,4
密封,29
大袋,4
小袋,4
幾秒,4
錯誤觀念,4
會照,4
結帳,29
場合,4
先裝,4
現買,4
現包,4
一秒,8
東摸西,4
摸,8
的頭,4
粗糙,4
躲,4
疑義,4
超商元,4
大多,8
原廠,16
無菌,8
手術房,8
離家,4
太遠,4
七點,4
景美,8
政令,8
貪污,8
顧,7
性命,8
客家人,4
差别,4
多出,4
超市,42
推市售,4
孔徑,4
內側,4
全開,4
幾樓,4
正妹,4
摸過,4
親手,4
阿斯,4
進超,4
商買,4
建設性,4
買好,33
衝殺,4
不照,4
桶,4
一桶,4
潑糞,4
裝死,4
跟給,4
避開,4
硬幣,4
板橋,4
蠻正,4
推爽,4
人教,4
例因,4
動,13
爆還,4
不快,4
還等,4
秀朗,4
國小,4
週邊,4
拼一,4
波,7
推怕,4
時會,4
錢菌,4
某家,4
特地,4
用長,4
夾夾進,4
夾,4
鏈帶,4
覺得很有,4
累,4
夾子,8
達爾文,4
門掃貨,4
瞜,4
沒貨進,4
先放張,12
福利部,12
部署,48
號衛,24
醫器號,12
大廠,11
從中,4
輸,8
然而,7
片賣,8
來看,4
看實,4
評價,8
染色,8
不均,8
搭配,66
抽查,4
其,4
染料,4
致癌,20
王八蛋,4
再次,4
請勿,10
陸貨,8
填寫,4
檢,4
藍芽,4
耳機,4
掃地,4
機上,4
規格,8
寫防,4
那到,4
底能,4
混亂,4
信賴,4
可靠,4
天擇,12
號都,4
想用,4
怕怕,4
版何關,4
好多錢,4
｝,4
沒醫器,8
某山,4
推已,15
怪味,4
臭臭,4
告知,14
合格證,8
號是,4
經由,4
實驗室,7
測試,19
合乎,4
送驗,4
關乎,4
咱,4
版眾,4
奇摩,49
商城,18
刪掉,4
中国,4
不及格,4
致癌物質,4
不明,4
專利,4
釋香,4
立體,28
精油,4
殺菌,4
選家,4
唸作,4
讀作,4
省省,4
省掉,12
天呀,4
外盒,19
字體,12
巧用,4
丟棄,4
印個,4
紙盒,4
面,4
山寨,4
點但,4
被刪,4
文推,7
連命,4
證號,64
仰賴,4
推因,11
好久,17
防堵,4
別牌,7
越南,4
爛貨,4
便宜貨,4
家樂福,91
總之,7
最準,12
仿,4
吸,8
異味,15
人敢,4
請洽,4
版上,13
疾管署,8
以偏概全,4
核可,4
賣家,23
把關,12
看運氣,4
沒請,4
那問,4
愛戴,4
黑心,12
色素,4
推用過,4
很薄,8
二級,24
一級,12
審查,4
藍鷹,24
病菌,20
傻傻,4
還沾,4
沾,4
自喜,4
外型,4
沒醫,4
合購,20
版買,4
過合,4
抗菌,8
當時,16
時算,4
灰,4
塵,4
汙,8
心得,4
勿戰,4
大包,12
批號,12
推衛,4
署醫,8
第號,4
效能,11
細菌,24
壓差,4
阻抗,4
以下,7
合成,4
穿透性,4
最小,4
通,4
壓力,4
微米,4
粒子,4
微粒,4
μ,4
可燃性,4
阻,8
燃性,4
著火,8
阻燃性,4
水性,4
中資,4
做起,4
看來看去,4
大要,4
水,12
稍微,14
阻隔,7
傻,4
認清,4
有衛署,8
大所言,4
我弟,4
老婆,4
帶上,8
我立,4
刻,8
摘掉,4
超臭,4
一分鐘,7
拿下,7
順易利,4
味道,12
差別,17
超大,4
噴是,4
支援,4
本版,4
王,12
精算,4
篩檢,4
大戶,4
貢獻,4
推大噓,4
再加,12
偽,4
關聯,4
久還,4
歸功於,4
社群,4
掉,17
五層,8
一款,32
前弄家裡,4
壁癌,4
灰塵,8
經驗,4
高調,7
貨啊乾,4
推換個,4
館長,4
播,4
影片,8
還敢,4
院用,8
那圖,4
從頭到尾,4
用單,4
買彩盒,8
裝不,4
知名,17
同時,4
彩盒,4
選項,4
無價,8
暗指,4
摩戴舒,4
厚,21
能否,4
藍牌,4
清新,4
只秀,4
推平,4
片元算,4
來源不明,4
無所謂,4
否決,4
日文,4
湖北省,4
仙桃市,4
開噴,4
多低,4
仙桃,4
劣質,8
出玩色,4
藍色,43
菜,4
有時候,8
裸裝,4
來裝,4
發貨,4
海外,4
衛部,4
分不清,4
指責,4
沒衛署,4
號稱,8
冒險,7
沒印,4
用要,4
穩,7
印會,4
罰錢,4
台貨,4
證,4
過期,7
西藥,4
化妝品,4
網,4
大才剛,4
查完,4
確,4
實是,4
核,20
噴噓關,4
噗,4
智力測驗,4
原說,4
怒,4
丟的,4
背面,4
老師,4
顯要,4
藥商,4
證向,4
列表,12
拍賣,21
廠牌,11
詳細,12
輸入品,4
商幫縮,4
各網購,4
平台,19
最強,4
例外,4
推買錯,4
有入,7
百元,4
加元,8
富買元片,4
前一陣子,4
趁,7
及免,4
幸運,4
現貨,4
亂漲,4
熊卡,4
室內,4
交通工具,8
資料庫,4
許,4
功效,4
細核,4
只認,8
元入,39
那一,4
外部,4
求專,4
解答,4
別傳,4
獨立,24
平面,46
去逛,8
風平浪靜,4
跟板,4
好貴,4
最高,8
病房,4
手還,4
戴未,4
菌,4
真像,4
大亂,4
戴淨,4
對流,66
抗霧,4
霾,22
洗,38
滅,4
拋棄,53
實體店,4
家有,4
用布,4
美德,4
難久,4
調劑,4
化療藥,4
想帶,4
喘,8
呼吸閥,11
戴得,4
住,25
推跑,4
好幾間,4
顯著,4
立體式,4
與否,4
盒入,34
血氧會,4
下降,8
證實,8
不透氣,4
醫藥箱,4
白,4
康,4
匠,4
用級,4
寶,4
雅,4
部份,4
超貴,4
內口,4
罩入,4
有出,11
多一層,4
害怕,4
買層,4
含,12
髒污,4
或潮,4
來民眾,4
用血,4
氧會,4
賽跑,4
天賦,12
異稟,12
護理,11
肺,8
無感,8
貨但,4
沒聽過,4
衛署,8
推戴,11
呼不上氣,4
功德無量,4
而是,13
忍受,4
不適,4
配戴,8
臭味,7
實惠,13
防病毒,4
富看,4
供供,4
亂噴,4
算一算,4
片和片,4
推文內,4
還送,4
折價券,26
血氧,4
環,4
境,4
降血氧,4
選難,4
戴血,4
氧,4
擴張,4
程度,8
頭昏,4
不得已,4
高階,4
華新,16
布罩,8
輪著用,4
包裝盒,4
準推,4
買昭惠,4
衛署醫,24
森之林,13
原生,4
感染者,4
一旦,4
歷代,4
誌,16
大條,4
推改,4
亂漲價,12
開罰,4
沒人用,4
推問,4
屬於,4
第三家,4
推康,4
整箱,4
彩色,13
戴進,4
隔離室,4
查房,4
嫌爛,4
推康匠,4
區隔,4
認外,4
何在,4
印醫,4
報告,7
同級,8
清洗,19
殘留,7
徹底,4
帶回家,4
刪了,11
你給,4
簡易,4
輸入,12
輸對,4
推衛福部,4
能查,4
富大,4
透過,8
黏膜,8
搭車,4
海邊,7
轉運站,8
櫃檯,4
旁,4
推車,8
空,8
證號碼,4
無效,4
一竿子打,12
額,4
外去,4
富跑,4
性碳,7
生機,4
詳細資料,4
用選,4
張圖,8
市,17
斷,138
以外,10
推寶雅,8
護目鏡,12
揉,4
太陽眼鏡,8
勤洗手,4
柔,4
造型,4
雷鵬,4
大面積,4
平光眼鏡,4
整理,4
昭惠盒,4
親戚,4
百片裝,4
萬華區,4
註銷,4
保障,4
翻一船,4
可信,4
分辨,8
鬧劇,4
外噴,4
防水劑,4
頂用,4
推布,8
縫隙,4
太大,4
從事,4
面對,4
十個,11
近距,4
噴口,8
牙醫,4
師,8
牙助,4
貼臉,4
推剛問,4
真假,4
屏東,4
富是,8
推打,7
沒貨且,4
再有,7
五十,4
賣得,7
入有,12
會員,28
材,16
擋不住,8
即可,29
二樓,12
第二件,8
推啥,4
棉布,4
差給,4
『,8
』,8
管理,4
防毒面具,10
相同,4
無需,4
區分,4
血濺,4
粉塵,19
合適,4
飽,4
吸入,7
不等,4
騎,18
完車,4
擦,4
東興,4
加在一起,4
這間,7
撤照,8
股份,22
有限公司,22
外包,4
購物滿,4
購元,4
封,4
城,8
戴濾毒,4
罐供,4
口水,8
包推,4
黑色,23
敢寫,8
浪,4
費錢,4
服貼,10
性,13
設計,7
有呼,4
氣閥,4
防去,4
客狂,4
掃,4
兩組,7
囤太多,4
拉繩,4
脆化,4
正夯,4
好用,53
擋風,4
科,4
戴了還,4
傷身,4
市售,13
灰黑色,4
結構,4
濾,4
內面,4
吸水,4
柔軟,4
有醫,4
我買過,4
那句,4
君子,4
上次,24
效推,4
好車,4
請教,7
號呀,4
台灣版,4
最下,4
研發,4
人品,12
打個,10
推外,4
左上角,4
製造廠,10
製藥,4
寫出,4
外出,11
機車,23
盒給,4
每款,4
醫屬,4
哪間,4
怎出款,4
不全,4
印有,4
署,4
推蛤,4
以為布,4
形狀,4
推藍鷹,13
兩種,10
大掃除,4
各買,13
二盒,4
選濾,4
達,4
錯字,4
瞎,7
種類,4
忽略,4
複合型,4
混合型,4
圖是,8
做給,4
我爸,7
迷信,8
圖去,4
種別,4
指望,4
複合式,4
包圖,4
假消息,4
圈,8
其次,4
女版,4
至底,4
那篇,4
指證,4
中原,4
補充,8
八小時,8
別省,4
著戴,4
才換,4
雷貨,4
市面,7
多數,4
推未,8
滋生,4
粉,4
年輕人,4
我位,4
群,4
各傳次,4
圈子,4
通風,4
放心,10
隨意,4
轉傳,4
老半天,4
推超難,4
三包,4
是給,4
導購,14
玉山,4
熊,4
信用卡,4
超贈點,4
滿元折,4
折扣,63
滿免,4
運,22
粉色,4
推理性,4
來台,4
中玩時,4
呦,4
手術室,4
全身上下,4
裡外,4
細噓樓,4
女,4
要告,4
底下,4
見識,4
樓有,4
沒事兒,4
給的祥,4
下面,4
文說,8
指布,8
推認,4
按照,4
擋住,10
連醫材,4
有給,8
還差,4
推紙,4
說布,4
穿插,4
認,4
療用,4
花粉,4
木工,4
戴因,4
吸進去,4
濾呼,4
抗霾,26
推太,4
哈官,4
網有,4
布織,4
系列,13
皆,7
太好了,4
外側,4
再用,10
跟醫,4
療,4
推薦,54
眼鏡,4
起霧,15
推淨,4
用加購,4
墊,4
哈推,4
没,4
問路,4
九個,7
講完,4
白色,7
標張,4
造假,8
錢朝,4
廠商會,4
推連標,4
更慘,4
必備,4
字要,4
卻說,4
清潔,4
糊塗,4
樂品,4
換廠,4
商了,4
出品,4
推只,10
顆粒,4
消除,4
吸好,4
吸滿,4
悶死,4
擅自,4
超氣,4
篇,7
下載,36
即日起,24
首次,12
用戶,15
完成,15
註冊,12
登入,12
參加,12
大哥大,12
防霾,13
完為,4
止剛,4
要辦,4
很久,8
兩入,4
剛去換,4
雙開,4
二個,4
領了,4
檢測器,4
單機,4
元貴,4
片盒,30
炫霓,12
紫盒,12
入片,12
咖啡因,16
洗髮露,16
入組,24
不愛了,4
愛看,4
來個,7
無縫,4
接軌,4
星期五,4
紫色,7
太騷,4
一瓶,4
ㄘ,4
太薄,7
海鮮,4
購物,86
不怎麼,4
耳朵,30
滿緊,4
這線,4
看還,4
貴用過,4
淺藍色,4
斷過,10
推線,11
戴起來,14
日用品,28
紙巾,12
雙,23
舒潔,24
棉絨,16
舒膚,16
抽取,12
抽,15
包串,12
每包,16
藍盒,12
片入,12
元雙,4
梁兄哥,4
嬌生,4
純水,4
柔濕巾,4
家用,8
展,12
當日,4
滿送幣,4
傳送門,8
如下,7
點數,16
一卡通,4
帳戶,4
付款,4
抽個,4
紅包,4
非洲,10
抽到,4
買滿,4
家具,4
真省,4
唄,4
組搶,4
各憑,4
實力,4
正是,4
划算,19
太差,15
下手,22
棉柔,4
舒適,10
比過,4
檔期,4
買省,7
從今,4
七月,4
楓康,20
當期,12
沒用過,15
此牌,12
囤去,12
湊免,15
據點,4
新竹縣,4
高鐵,4
算貴,4
買網,4
噴頭,4
主打,4
殺到,4
見,4
一分錢,7
一分貨,7
一百,7
推醫材行,4
輸碼,12
完券,12
折,96
免運,48
賣貴粉,4
斷買,4
後悔,7
八點,4
台中人,4
谷關,4
甘甘,4
說好,10
市多,27
易斷,20
試過,4
用力,13
拉扯,4
當下,4
就斷,15
沒戴到,4
相比之下,4
常換線,4
會斷,13
大風大浪,4
換過,7
該換,7
換因,4
力推,4
碰過,4
自動,4
換新,4
沒斷過,61
說易斷,4
遇過,8
大餅,4
良率,4
淨新,4
斷鋼,4
絲跑,4
多片,4
沒斷,8
過是,4
大力,7
線易,4
脫落,7
絕大多數,4
耐用,28
超慢,4
換沒斷過,4
時常,4
根,4
本是,4
品管,4
最多,4
瑕疵品,4
吧價,4
格,4
想拉到,4
喝口水,4
般的,4
斷線,59
推沒斷過,4
過我媽,4
點啊,4
半年前,4
好容易,8
十幾,4
疑問,4
買大創,4
大創,26
想給,4
無良,4
血汗錢,4
蠻常,4
斷掉,29
惋惜,4
手法,4
一用,7
全新,7
很悶,7
價買,4
當兵,4
戴好市,4
操課,4
碼,32
領碼,12
折買,12
湊,42
半價,12
還行給,12
岸蹄姬,4
自從,4
讀書,4
畢業,4
養成,4
推坑,4
密合,7
很久沒,12
滿才,12
紫,4
糯米,4
常態,16
山豬,4
戴防,7
市區,4
車煙,4
重想,4
換有,4
薄,46
還多濾,4
煙要,4
鳥嘴,4
康乃馨,7
摺,4
變片,4
問有,4
屯且,4
不易,7
推豬,4
嚼,4
勁,4
帶淨,4
常常,10
黏住,4
購物中心,30
盒個,28
滿多,4
幾不常,4
兩倍,4
但號,4
買用,4
看錯,4
綁繩,4
封邊,4
退,4
烙鐵,12
基板,12
哪種,15
除臭,24
元個,18
可惜,33
阿華,3
先補,3
效用,3
心酸,6
抽風,3
幻覺,3
很容,3
易,6
這哪買,3
單,12
幾十個,3
貴到,3
洗劑,3
去味,3
推命,3
太小,9
五盒,3
包住,3
推身,3
聞,9
幫補,3
幫扣,3
濾毒,6
罐,6
面罩,9
點錢,3
環保,6
個性,3
凡是,3
失效,15
當包材,3
追求,3
單個,6
辛酸,3
沒幹,3
用藥,6
固體,3
毒氣,3
觀念,3
固態,3
汙染,12
氣態,3
豬,3
氣密性,6
吸附,6
面積,3
太低,6
坦白講,3
選色,9
今天下午,9
六盒,9
這點,9
醬油,3
豚,3
骨,3
中華電信,6
推凱擎,3
講同,3
母湯,12
路線,3
推官,3
網找,3
頁,3
右上角,3
剁,3
五折,3
機房,3
工程部,3
快轉,3
破洞,3
雨,3
晴牌,3
一向,3
化笑,3
美丁美,3
噹,3
感恩,6
謂,3
電視,3
聽說,12
粗魯,3
錯過,9
這牌還,3
款有,3
快點,6
貨好,3
講沒牌,3
有毒,3
開賣,3
我剛,3
還可,3
碼說,3
版回,3
不太貼,3
硬硬,3
單盒,3
壓印,3
質,6
萊潔,9
寶雅,12
丁丁,9
夯,9
爆出,9
愛你,3
二十五款,3
唯二有,3
布料,3
成分,3
細,6
貪便宜,3
一次性,3
↖,3
點這裡,3
丫,3
吥,3
人會用,3
全省,15
司講,3
帶路,3
過推用,3
這詞,3
慎選,3
推萊潔,3
講省,6
吉娃娃,3
要來,3
省長,3
政黑版,3
唯二有過,3
這不對,3
消保,3
處查,3
佐證,3
有過,3
國家標準,3
比如說,3
沒打,3
並非,3
法抗,3
推省,3
用省,3
台灣省,3
唯二不太,3
佩,3
抽檢,3
元算,3
貴買,3
好玩,3
元要,3
取捨,3
齊全,12
酸性,3
物質,3
爬過,3
代工,3
土生土長,3
產業,3
新北市,3
悲憤,3
怒噓,3
一台,3
清淨機,6
▼,18
強檔,9
‧,9
瘋殺,9
特賣,9
限時,9
↘,18
時尚,9
市多還,3
ㄧ,3
盒片,6
耳掛,6
卻標,3
還沒斷,3
斷耳超,3
坑人,3
特惠,3
折抵,9
有發,9
聖誕老人,15
換你,9
當元,9
分眾,9
盒元,27
金跳過,3
跳過,3
推鵝想,3
東森買,9
我誤,3
推靠,3
圖求,3
幫修,3
簽名檔,9
推靜香,6
推買靜,3
推母湯,6
小夫,3
東森會,3
推根,3
扶,3
東森買長,3
靜香,27
真重,3
六樓,12
糟糕,6
靜香會,3
╰,3
ひ,6
╯,3
推小夫,3
樓主,9
喇,3
推文以,3
笨版,3
東森比,3
還害,3
推事,3
蹊蹺,3
推東森,6
好重,3
大半夜,6
刺激,3
發車,3
降子,3
樓神,3
推文誤,3
上個月,3
單筆,6
免運內,3
零食,6
火車,3
大笑,3
附送,3
車票,3
原讓,3
爽折,3
推防霾,3
不賴,3
年份,3
關鍵字,3
早起,3
晚點,6
蠻貴,6
變性,3
原湊,3
樓問,3
大神,3
備份,3
死谷,3
歌,3
貼給,3
看好,3
消耗品,3
推入,6
挑,3
兼顧,3
美觀,3
四包,6
買台,3
推文有,3
神秘,3
代碼,3
很會斷,3
容,3
推估,6
餵,3
谷歌,3
第一篇,3
文是,3
衝擊,3
哆,6
道具,6
王到,3
底,3
初代象,3
迷娘,3
敬香,3
原圖,3
震撼,3
指引,3
我點,6
推該,3
靜香要,3
買樓,3
維,3
文選,3
肚子,3
好痛,3
大太神,3
博客,36
每盒,9
皮卡丘,3
王道,3
只到,3
類別,3
難用,3
多裡,6
綁線,3
狂掉,3
這價,3
狂斷,6
版本,3
力道,3
多版,3
薄易,3
加購,3
弄斷,3
過推好,3
幾次,18
用品店,3
好幾年,6
片天,3
嫌棄,3
大大,12
臉有,3
天線,3
線斷,6
未用,3
挖,3
洞重,3
要換,9
換推買網,3
近幾年,3
改買,3
久久,3
多常斷,3
亂扯,3
問哪一牌,3
鵝子,9
多方,9
報文,9
串,9
昨晚,9
有件,9
原先,9
購個,3
算還,3
當業配,3
逆止閥,3
很醜,3
不見,36
戴台灣,3
正規,3
束帶,9
汽機,3
耳朵痛,3
純屬,3
推會痛,3
短程,3
戴還,3
忍耐,3
買耳掛,3
沒調,3
痛,21
拆賣,3
推像,3
立刻,6
一段路,3
目的地,3
廢,3
氣味,3
試著,3
打折,15
剛戴,3
順暢,3
可換,3
濾片,21
推極,3
黑款,3
頭巾,6
用算,3
綜合型,3
可折,3
塑條,3
新款,3
耳帶,9
勒到,3
臉頰,3
三件,15
折合,9
大團,3
六個,6
太殺,3
台南,3
對霧,3
感想,3
漏掉,3
進站,3
好多個,12
嘉義,3
重災區,3
帶著,3
有感,3
丟了,15
一兩次,12
粗線條,3
再給,3
啊啊啊,3
掛久會,3
躺,6
著時,3
床上,3
冬天,27
保暖,21
那裡,6
壓條,18
戴久,9
分鐘,6
車程,3
偏高,3
號會出,3
保濕,3
心痛,6
價款,3
推新,3
已斷,3
推謝,6
鬆緊帶,27
今年冬天,3
用時,3
氧化,3
失去,3
彈力,3
女生,3
會太大,3
越變,3
越細,3
快斷,3
白點,9
衣服,9
頭髮,3
換我,3
推同,3
半年,3
換推,6
某批,3
耳,15
掛帶,3
易劣化,3
換耳掛,3
換啊,3
推掉,3
低能兒,3
推多,3
常洗,3
天洗,3
沒多久,6
有次,3
戳,3
到手,3
流血,3
摸著,3
兩端,3
鈍頭,3
戳傷,3
內衣,3
洗衣袋,3
慢速,3
機洗,3
版買過,3
無彈性,3
寄回,9
需附,3
寄新,3
拆線,3
寄掛號,18
憑據,3
二官網,3
直上,3
更難,3
喘氣,3
生火,3
滅火,9
推官網,3
維修,3
小編,3
奉命,3
來回,3
覆,3
推小編,3
疑惑,3
經銷商,6
事前,3
未被告知,3
對於,6
疏姆,3
疏忽,3
則維,3
四月,3
批耳帶,3
承諾,3
帶有,6
劣化,6
現象,3
新耳帶,6
並整,3
災情,3
鐵絲,3
斷裂,3
有關,3
修則,3
修將,3
保固,6
紡織品,3
少見,3
注重,3
這塊,3
推阿說,3
換下去,3
驚人,3
貴常,3
戴型,6
不太懂,3
哪招,3
組組,3
還低,3
有所,3
埋怨,3
原意,3
有雙,3
但應,3
高於,3
揪,3
怨言,3
入坑,3
不入,3
防護力,3
所說,3
不錯呀,3
拋售,3
非官方,3
認可,3
推早,3
雙十,6
唯一,6
贈點,9
再折,9
荔枝,3
沒拿到,3
已買,3
層片,3
進是,3
到點,3
組已,3
傷心,3
不美觀,3
算滿,9
的僅,9
貨有,9
我並,3
不大,3
塑膠套,3
別項,3
小東西,3
不太可能,3
森之林級,3
相比,3
何者,3
電腦,3
私信,3
進團,3
業常,3
訂購,3
這會,3
仿品,3
好大看,3
直到,12
查看,9
於是,15
先前,6
問問,6
繩子,18
竟,3
仙姑,3
占卜,3
很常,6
狂段,3
病源,3
大包裝,3
單手,6
單邊,3
取下,3
力點,6
扔掉,6
七號,3
夾鏈,3
推遇過,3
常斷,6
無盒,3
推森之林,3
接點,3
膠點,3
喜好,3
只想,3
純粹,3
太厚,3
非常容易,3
回購,3
各半,3
摩托車,3
用快,3
扯斷,3
個斷,3
很腫,3
舒適度,3
粗,3
雜牌,3
那陣子,3
這盒,3
就會斷,3
單趟,3
做太好,3
脫,3
不痛,3
帶子,6
沒遇過,3
超爛,3
再也,3
好友,9
優惠券,9
條碼,9
溫罐機,9
全系列,27
小樂,9
寶握,9
暖,18
任,9
凵,3
尺口,3
工巳,3
貼心,3
霧,18
不太大,3
天氣,30
列入,9
被動,9
技能,9
駐,9
給有,9
此,12
症頭,9
挑選,3
色有,3
記錯,3
昭惠,3
折去,3
店問,3
工匠,3
拍給,3
竹炭,6
網拍盒,3
用匠,3
沒進,3
沒賣,3
多種,9
酷黑片,9
進化論,3
附,3
曹孟德,3
私子名,3
不詳,3
字爽,3
喜武,3
精通,3
各式,3
武藝,3
尖刀,12
擅,3
時舞,3
之速,3
奇快,3
刀體,3
只聞,3
刀聲,3
有如,3
百把,3
呼嘯而過,3
人稱,3
曹爽德,3
單獨,9
封閉,3
綁起來,3
偏薄,3
脫下,3
時斷,3
釘書機,3
機釘,3
想問,3
幾,3
戴層,3
市多超,3
媽媽,3
啊還,3
片作,3
一小包,3
坐車,3
還戴著,3
創元入,3
中部,3
好差,3
霧濛濛,3
斷斷,3
令人,3
藍吉軻,3
單包,3
交叉,3
那牌,3
衝多盒,3
藥房,3
斷且,3
斷頂,3
清,9
元家裡,9
頂好,6
丁,3
冰雪,3
奇緣,3
人物,3
差蠻,3
算不算,3
興趣,3
推哇,3
新北,3
那間,3
分店,3
建成,3
這超,3
淡水,6
學府路,3
北新,3
凡士林,3
蘆薈,3
噴霧,3
乳液,3
出清價,6
小屈,6
可口可樂,3
福箱,3
可樂,3
本子,3
收納,6
在內,3
湖買,3
最低,9
吧剛,9
買家,9
男性,9
號元,9
雖敗猶榮,3
太高,3
露天,3
買免,3
替換,33
濾網,30
品排,9
片約,9
一整,9
捲,15
冷氣,12
裁剪,9
阿賢,3
孔隙,3
整,3
推怎會,3
直覺,3
棉絮,3
微塵,3
經檢測,3
濾淨機,6
來用,3
哪買,12
圖中整,3
業務,3
在醫,3
問問看,3
怡悅,3
森森,9
衝動,9
灰灰,3
同款,3
不久前,3
買入,3
還也夠,3
東莞,3
有機酸,3
股,3
廠址,3
彰,3
南路,3
六段,3
巷號,3
英文,6
磷酸,3
糟,3
中華人民共和國,3
分等級,3
深綠色,3
是屬,3
改中,3
還滿,3
商標,3
組裝,3
候叫,3
推陸,3
輸字,3
名字,9
一串,3
拼音,3
心機,3
有分,3
推偷,3
組推,3
漲成,3
仔細,3
發揮,3
客氣,3
經變,3
立馬,9
飛到,9
一箱,9
元素,9
舒跑,9
田裡,9
有時,9
肥料,9
和噴,9
除草劑,18
大想,9
樹,3
猶如,3
能少用,3
農藥,6
全身,3
穿,6
防護衣,3
還配,3
超熱,3
配有,3
濾罐,3
很傷,3
地球,3
萬物,3
殘忍,3
太冷,9
受不了,9
滑算,9
◆,24
楊梅,3
佳瑪,3
戴眼鏡,6
推拍,3
過網,3
還推領,3
兩張,3
卡龍元,3
大已,6
阿剛,3
領的,3
領也,3
領完,3
推大創,9
三款,3
很痛,3
臉太大,3
試用,21
寄給,9
爆增,9
保持,3
心情愉快,3
來試,3
引述,3
有失,6
之銘言,3
音樂網,12
版給,12
舜堡,12
樣品,24
一看,12
誠意,18
小熊,9
可愛,6
花紋,6
高效能,6
尋舜堡,6
留下,9
姓名,6
此文,6
絕非,6
受到,3
試用品,6
動作,3
私訊,12
好開心,3
幹麻,3
名稱,3
媽問,3
鋼鐵,3
摟,3
澎湃,3
一共,3
過後,3
緊張,3
差一點,3
推住,3
基隆,3
十三號,3
兩份,3
謝拉,3
十足,3
愛情,3
長度,3
那留,3
住址,3
不太好,6
資該,3
關掉,3
留有,3
本波,3
點推,3
來得及,3
打卡,3
冷,18
這方面,9
買會,9
專賣,9
小軒,3
網買,3
全罩,9
太難,3
當帽,3
奴帶,3
文具,3
販店,3
我帶,3
好處多多,3
藥妝大,3
或貴,3
戴去,9
看人,9
艾打,3
普遍,3
價沒,3
結核菌,3
週才換,3
在換,3
六十,9
就過,9
大是,3
換算,3
下禮拜,9
北京,12
沙塵暴,15
驚悚,9
故想,9
創元個,9
目錄,9
防風,3
亮亮的,3
創買,3
薄的紙,3
專用,3
風沙,9
個層,3
要省,3
多買,3
攤下,3
以買盒,3
一大,3
對防,3
要防,3
黃黃,3
黑黑的,3
大潤發,3
光靠,3
兩條線,3
掛著,3
機能性,3
題外話,3
霧茫茫,3
呼吸系統,3
長備,3
用久會,3
換掉,3
有布,3
熱烈,3
太累,3
無心,6
力去,3
懶成,3
洗個,3
五分鐘,3
力真,3
化學,3
臭用,3
值高,9
第件,9
昀,3
芯,3
超正,3
內罩,3
白布,3
用久,6
哪款,3
定時,6
洗完,3
一碰水,3
居多,3
固,3
天冷,3
熱氣,3
貴了點,3
缺點,3
少了點,3
推洗,3
起毛,3
球用,3
推買個,3
三五年,3
會帶,3
著防,3
冷空氣,3
覺,3
得還,3
脫水,3
遭經,3
冷洗,3
精洗,3
水晶,3
著口,3
洗衣,3
精太香,3
要元,9
幽,3
祤,3
我想,3
轉笨板,3
更正,3
擁擠,3
五味雜陳,3
拍網,3
不太會,3
選怕,3
貨耶,3
全是,3
咦,3
煮菜,3
時戴,3
油煙,3
帶超,3
吸睛,3
嚇很悶,3
真不容易,3
好了吧,3
變化多端,3
打劫,3
這口,3
創買元,3
它們,3
絲襪,3
套頭,3
─,12
不吸,3
它產,3
製出,3
爐,3
那一刻,3
吸吸,3
吸個,3
飽和,3
市售品,3
這比,3
